company,date_announced,jobs_cut,pct_workforce,industry,source_link,notes,status
Ai-driven Layoffs Could Erode Firms’ Competitive Edge: Jasmine Lau - Singapore Business Review,2026-05-08,,,Other,https://news.google.com/rss/articles/CBMiowFBVV95cUxQdEF3ZHhqQ1Axd0pYUndtMktpc080V3lUX1ExdzBlcUJEbHluOEZybzIwS3RwM1ZDemV6Vng0TFJlWEJDV2RMNFl3ZXlXeW5qM1V3Y3Zlc09KbTAteVZ5M1hnQmp0X0ZSN1E2T2RkU0JjVmNFYm1objg2dkhkUHMyZHY3S0dDeXo5QkNDT1I4S3Fld3hSUDZYenJING5FWXJ1UWE0?oc=5&hl=en-US&gl=US&ceid=US:en,Not a specific layoff event,rumored
Retrenched At 22: What It’s Like To Be Laid Off In Your First Job - The Business Times,2026-05-14,,,Other,https://news.google.com/rss/articles/CBMinwFBVV95cUxOZmt5Mmx5azloNEtiY0w4bEE0UUxBRF9aaUNRQmhOVVVGU0p3eDktMmtpbGJ3UElnQl9FclFINU9lQnRmQktOU0ZQU25Jb2FEZnBNRlBTMWM2NFQwLTVzSkNGWFdOamdHNDViSERmRFRQN3VNWENucnY3T245cFlxVlJfUnJFWkoyRlF2YXFEbGtBbHpFak8yb2RCZ0dBZDg?oc=5&hl=en-US&gl=US&ceid=US:en,Not a specific layoff event,rumored
Layoffs Hit Singapore: Seven Industries Have Already,2025-11-24,20000,,Other,https://news.google.com/rss/articles/CBMibEFVX3lxTFBRQ1FIdDRINmlLWXRZTGFVdnpCVE1YR05MLWUxaC1OelM4ZHlpSnBtUWV2Sk0zSlBpOTR3cEdualcxWTNORjhLeDluSnBJazRXX1BpemdTTGNMdlg0MVcxZDl2R0FvZmF5UDVJNw?oc=5&hl=en-US&gl=US&ceid=US:en,Not a specific layoff event,rumored
"Pmet Layoffs, Vacancies Suggest Ongoing Restructuring; No Broad-based Displacement By Ai: Mom - The Business Times",2026-03-20,,,Other,https://news.google.com/rss/articles/CBMi3gFBVV95cUxNck9sUGh5cGdNOTBYbVotR1FoNmNiWGdUTkRBQlotMEpYZnBXRVl0bWYxeVZfcHdTWTB5NHNhanpGUGtVR3hMbU1vZ05yQTZHZXJOUFViZGh3c1VEV2RVb0YyT2VTcXFoWVlCY1QweWpDX24zZ2VzSjBqbDcyZmU4R1JUNktqM2hYZUE4Q3hJTTNiaF9xdHEzUjNDc2I1cl9ySFVUcGhBQUl6UEdNSVpJT0FTSmFkRGpiT3Jzb0tVTGhLOWh6TGtFS1ItQU5kRDFmOVlYMGhmY0JqR2lSTXc?oc=5&hl=en-US&gl=US&ceid=US:en,Unresolvable Google News URL — likely duplicate,rumored
From Tech To Oil And Gas: Job,2025-10-03,,,Other,https://news.google.com/rss/articles/CBMipgFBVV95cUxOTUZLaWFjMFRPeXdLSXY0WGE3VW9xbWE0MFlzWEhNa1NWQ2YzY2l2WkV2Rzk0ZGpLekZkLUlBejBIZ0tlcjdEd1ZuUDBMU2Noa0MwYi1IZ2l2R3dNT3A2MU9yMVY5dWZOWUZXd0dwVHYxYnJNLTF0Qzg2ekgxcGNUU1U2XzJfQ2xES0s2SnBSWDB5UkJGUVZKcklMeVFreGhzazVaS2VR?oc=5&hl=en-US&gl=US&ceid=US:en,Not a specific layoff event,rumored
"Singapore Logistics Firms Brace For Tougher Times, But Ev Adopters Yet To Feel The Pinch - Cna",2026-04-29,,,Other,https://news.google.com/rss/articles/CBMiyAFBVV95cUxPbW9iSW96MzV1cmhKSUxQbXB6THZSbmJtb2owQkdRTEMxQXVFUlVRNERwR05PWWswV0I5WjlGLTJIY3RFTWRjSHlQWlNDTjgxRjd0ZEMxcHNncm8yYWhKcmJpQTVFQTNmblBKaERwdmdpWC1KSnJNdDgtSWREWmI3djZnVjY0UFJmTDduY2t2WUdwcFRqLXZwNkd6TkhJa0pOZXM1ZDBPNjFSY1V2aUZnMEJHMGJoS2NyMHpDMEdTekxxazFjaWFVRQ?oc=5&hl=en-US&gl=US&ceid=US:en,Unresolvable Google News URL — likely duplicate,rumored
"Singapore Says Ai Must Create “good Jobs,” Not Mass Layoffs - People Matters Media",2026-05-07,,,Other,https://news.google.com/rss/articles/CBMiwgFBVV95cUxQV1pZU2ZTWTU3eGpxQlIteWpXekNZR3NaNEYyQzZ4VUk3RER6NGowd0hFWDQ2bzhtekdRd0d2QTB5d3VkeWtkVHdPcU9tTlVQM25icUctcGo0TWZFMFlJUUg0MXpuMHg5dWg5blFvaUNOOGJad2oxck5raUdXaUFRZzNhTEd1M3M0OWs3Ql9XTTVSMHNMS256VWxkaDlMVC1Xd29PbUdIMU10UlZtRkw2X0M4Mm4wZklpSjhQQmFVOTY5Zw?oc=5&hl=en-US&gl=US&ceid=US:en,Unresolvable Google News URL — likely duplicate,rumored
"Meta, Amazon, Wall Street: Global Giants Slashing Headcounts Worldwide - The Business Times",2026-05-01,,,Other,https://news.google.com/rss/articles/CBMivgFBVV95cUxPQW1GUFR5M1Q4R0FoNmtoeGVDWFN6ajRwb3o5ZmlFaWtjX3ZZaFNTNThsbnY0U1ZkSlZPNHdMMkYtWnBWZ0FqWVFGUC1CbW0wQ0M1dERnY25JeEdIU0NLUlpXbmdpZ0ZWRjVOSUJOSmlOLTUwdkVhUXVwVGljTDkteS1tMDBhQ0VPbFppbXVadm1XS0dVb3kzTmhVVjNnengzMk5OX3hYNjJzUGp2bnhLWHlhY2xoNTl5ZUROTHZB?oc=5&hl=en-US&gl=US&ceid=US:en,Unresolvable Google News URL — likely duplicate,rumored
"‘they Moved Everything Overseas’: Local Employee, Now The Only One Left In Sg, Fears Being Laid Off - The Independent Singapore News",2026-04-25,,,Other,https://news.google.com/rss/articles/CBMivgFBVV95cUxOLUF0cHplMGtEY3lTdnVDSi1xUnZhV3JVS3dBZVFhUERfallwRHNOX3ZoRHQ0SVFVYWtneDhYM2FkS3Z4VjZmZ1pDTFNvdjJmbzNnSTk5NVlETHRBeU1FTldmanh2OGU5TDVzU2F3RzFWajVoNE10dDhVVHZYd0R2SnU0ZW45RzlweWNSZGZQa2hiVFhEOTlIWVp0Z21JTXBidUlreHFkMHZyNkN4Vnh6UmhWQlBEbHRVbHdxVVd3?oc=5&hl=en-US&gl=US&ceid=US:en,Unresolvable Google News URL — likely duplicate,rumored
‘one Meeting Away From Getting Fired’: S’poreans Discuss How To ‘keep Going’ ... - Mustsharenews.com,2026-04-26,,,Other,https://news.google.com/rss/articles/CBMieEFVX3lxTE1OZHFEUWx3VW9jZEx1aTdYUFZCQkE5dnVWN3puSUk1ejZ1bEVfdjJKS0E2UER1OE95UVJCTFhnZnVRTHJyN0o4MG5IWENtaDRRWGl1NklpdGZUMHFMTWplLUNSVTRBTEw0d1hYekJVMkZzdkppSmNlddIBfkFVX3lxTFBHcVMtWDJsb2ItTDUwTkt4QWlQd0FTSVM2QlJrR0F4NnJYNUlMWURVeFl1dUUzQ0thSTAwZjU3SmNZWlk2RDFyMUNwVkU0ajZUU1h2RFJ3ckRqbk5SMFZ1NjJCN2VnajBSNU5NR1I1WG5lei1jb0JPWXNycENYZw?oc=5&hl=en-US&gl=US&ceid=US:en,Not a specific layoff event,rumored
"Mandatory Early Layoff Alerts May Hasten Layoffs, Impede Talks: Tan See Leng - The Business Times",2026-03-03,,,Other,https://news.google.com/rss/articles/CBMiuAFBVV95cUxOYlVSUkJxXzNvQ0ExUF8wdVJCRXRUUFF3WVA2SHRWQkI1UkZfMVg3SXItYW9ySS0zenl1TEpJWks2SEZNWVZ2TlJqRndBY3lzd1ZwcFNnNWxOeDQtWE10YWpvNTRQRFY0YnlXZUdTWVhpU2dURW1HdEx4ODRkS3F1NFRIZWozeEdDajVQUENIcEhLUVFSNWVhLUNKYmJUdTd1TE5Pc2NYQjVXNjMxeGVMMHQza0d3aUlu?oc=5&hl=en-US&gl=US&ceid=US:en,Unresolvable Google News URL — likely duplicate,rumored
Commentary: Can More Be Done To Protect Singapore Workers From Sudden Layoffs? - Cna,2025-11-27,,,Other,https://news.google.com/rss/articles/CBMiowFBVV95cUxNVk83VmVwNXo4X0pCUHI0VWNvWDc3UHVkd0p4OTlpOG9vcG9lci1yMm9sQ1RoM0laOFNQNkFyMnpZQnFaamlpVHdDRkFoYWNROHdwbXg3ZElmMF9GWk1fRkFDZFJlektCN2M3VFZtNXNwZGNYSHlpRjVhMWFkUnNOZi1WS3Rzd1hLcDRIZmpSTWxTbWhreGg4VkFZV2hZWldXcXBn?oc=5&hl=en-US&gl=US&ceid=US:en,Not a specific layoff event,rumored
More S’poreans,2026-04-14,,,Other,https://news.google.com/rss/articles/CBMidkFVX3lxTE10UUV6TTNhc1o5Ym1xM3gxdWV1Y1Q3Nl9WUVI5REVRaTYwdElSa29YV2N2cnJGZE9vUjdfTFQtTjZQR0c5T3NLaXQxdlBsWG9DYjlPNFpYeWpidE5vclVON1dTMUR3UDFfMEZURE10SFFpV0I3NHc?oc=5&hl=en-US&gl=US&ceid=US:en,Not a specific layoff event,rumored
Regional Offices Across Asia Could See Bulk Of Job,2025-12-17,,,Other,https://news.google.com/rss/articles/CBMixgFBVV95cUxQdmpNRWN3bFBtR1l1TUNFd1VHUkNYVFNORy1WLWxDWjlfN0xiR1RNTE14cUFxcGhFY2tTV2VkTXQ0U3ZRMkVWeWhPM25vSVF6eHZWamdTamZhR3ZySl9sTkYyQjlWbm1XdUR2QjhOb0tiQ0NkSnk3RjdXZ1RCTG5ESU5XRF92R2swSE9zdkk5cmN1cmZPTDU3dDFlbW1ydkdqTlRkOFEyUG1vZXQxRXV0ejd3VW8xd3ZWaHA0bktvTXFIdXVTTGc?oc=5&hl=en-US&gl=US&ceid=US:en,Not a specific layoff event,rumored
Singapore's New Ai-upskilling Push Seen As Shield Against Job Displacement Amid Global Layoffs - The Business Times,2026-03-06,,,Other,https://news.google.com/rss/articles/CBMi2AFBVV95cUxQMzc2UVNfdjZzYzFQWUF2b21jM2NvbWJjTTYwLWhVTEk3eEJKaEYtRVR6cG45S2tqWWE2dGZJOVZxeGtsQUR0MmNVbFJlNzY4OGt4YXE0UktFZk9Cbk1aWlRIUUFOZVJvdnVOdHBUajR6Mkl5OF9fV3RuUGFlQmJLM0l4aENMQW9Ka1AzckR6cDNkWkowblNPVkpHVTZ1TmhuQ1ZZSWFwTzhTd2tsUEJ3eWZVU0dHZHBQbTZ3U1Z3UWEwbzdYUUM4YW14Tzd3QmU1RV9rVDZ0bGI?oc=5&hl=en-US&gl=US&ceid=US:en,Not a specific layoff event,rumored
Responsible,2025-09-12,,,Other,https://news.google.com/rss/articles/CBMitAFBVV95cUxOakJKQ2UwaU9LbzdyTGNpdFJyZDJDa3hnem9MY1FMdHhHRGhYU2IxcTg2eTYxenNBejl5ajIwcWk2U2w2Q1cwNUFITk5HRTJ6b29jTDNmOGFwZUl3QjQ5TVloZ2dQZS00Um1XMjZoOTNBdnpvUzk5UThRMGxLbTRlR01HUVkxejM1VFdHLTVBeGdncWFDQk9TcFNWcVpsRkR6R0hHRW1jd0RiWTVRYVNSVDk5NEk?oc=5&hl=en-US&gl=US&ceid=US:en,Not a specific layoff event,rumored
"Singapore Layoffs In 2025: Agoda, Tiktok, Meta, Microsoft Among Those Affected - Vulcan Post",2025-08-14,,,Other,https://news.google.com/rss/articles/CBMiZ0FVX3lxTE9Qd0ZYQmR6SmVpRkxZVWxTbjh5R1lTdzJ1QTgyZDZkTkoyeTltR0Z5WlJfcUZhNHVvcFFEMmZydnR0ZjRDdjlEaWZQQXlyUFhLNkcwOHI1LXVVeWQzcDJYVXBvMWZtX28?oc=5&hl=en-US&gl=US&ceid=US:en,Unresolvable Google News URL — likely duplicate,rumored
Reviewing 2025 In Singapore: Layoffs And Closures In A Ge Year Amid A Changing Job Market - Vulcan Post,2025-12-24,,,Other,https://news.google.com/rss/articles/CBMiakFVX3lxTE1XSVo3Z29PQ25RYi1odG16WG9ESHJTOFhUbWtsSE94V29Yb3pXX1dtVlBMdXZhVFVYMHNnR0lndjd0NVE0Tjh6TFR5Y0FCdWxqX1lrX1A2UDE1MVZVSDZGYXJFdFFsdDJES1E?oc=5&hl=en-US&gl=US&ceid=US:en,Not a specific layoff event,rumored
"Ntuc, Employers Split On",2026-03-16,,,Other,https://news.google.com/rss/articles/CBMiywFBVV95cUxPT2U4bHFYYXJuekh4eGpPN1JtcVpEM3FRTV9TV1hEQkN3U240WFZiekJuV2hnRnQ3SDRIbjFuRW40ZEJsMlV5WHd0dHNSUXd0UXZoS29PR0Y4YnpIWnZxNk1lRlRaTk90eXhUVFFyN3JfV05ONlVubVdnTUhHQUkwWVB5c1Itd2FIRnFzZjhGMWM0TEZyZFB1WWZwOWt5MFFSekl2bkRJdmNZUEtfMXJSQWVra3dSeDBVV2w4bWl4QkhmVWgxOGwyS25xUQ?oc=5&hl=en-US&gl=US&ceid=US:en,Unresolvable Google News URL — likely duplicate,rumored
"Agoda Confirms Layoffs Of Singapore, Shanghai And Budapest Employees; Affected Staff Say Severance Terms Unfair - Cna",2025-09-17,,,Other,https://news.google.com/rss/articles/CBMiswFBVV95cUxQVkRuQVJTSEdlUlMtdXB2Q3lONGx2b09ZQ2VGT2R6UUhpWDBPUDNRek5lVjFCWUFiQkZZUU01cENPV29UQ2F0N2l5czUwS3FyYjV3T3JtSTZGR20wNVh1azVjSExBcTdodGd0RGJXUFBnYXhXOHcteVZNendyYUh4VlVkRElsZk4yTFBpNVY3XzZyNVY5TkltVVpmY2dNNVduaS1ITnZLR2dhempqdE9nUzNZTQ?oc=5&hl=en-US&gl=US&ceid=US:en,Unresolvable Google News URL — likely duplicate,rumored
Singapore Sees More,2025-12-11,,,Other,https://news.google.com/rss/articles/CBMiywFBVV95cUxQZlJqTndWVHQ3OE9hSTBRcUpfdGpjTWhHVFhHODN5MGNsb0RFN21OOXlVTUI0bHpEYnRVbE1hbmdBcGx0bldKODZTSi1sdUZXSUlHVS1tQ04xZTFYNUhXMWFxeVRvTFVBSjZueXluQzF0QmRmaGJFSTZvRkZGSTMzX0UtQW1nT2RHcm42T1VHZ3pJY2NXaHRFYkR2MUh1TFUyeUNzLWJBMjdPZ3BJRno5QUpCTTlFVVJQaFI4TnVJc3ZzWTY2T2lsU1kxbw?oc=5&hl=en-US&gl=US&ceid=US:en,Duplicate of Agoda layoffs - already covered by CNA article,rumored
"‘i Am Tired, Boss’: Singapore Employee Worn Down By Layoffs, Rising Workload And Pip Threat - The Independent Singapore News",2026-03-19,,,Other,https://news.google.com/rss/articles/CBMiswFBVV95cUxPWXNwMm5UNzhMTW9wUTg1WDVxMmJiRVdvcFNfeUFuazJVMjFUbzNjWm1pR1dwRXRjd1RSNU1QVmozZnFuVlhxZmtfMTdnUUNBTzRkMWhlcV9oNFRIdDhjYnJCcEluemduUEI0andDa1J3cE4zZVR1RnlVWVAxWUlpVnRNWV9zNERpeG80R2I1Mlk1RW5xdzFRYmJORWVhNzI0enRTc2ZPT3N6V01Yc3RyRWZNWQ?oc=5&hl=en-US&gl=US&ceid=US:en,Unresolvable Google News URL — likely duplicate,rumored
Canadian Investor Claims Performance Reviews ‘never’ Mattered After Mass Corporate Layoffs - The Independent Singapore News,2026-03-13,,,Other,https://news.google.com/rss/articles/CBMitgFBVV95cUxNZHJmUUxILUgtbTR1QTF0QTdYRUdzX09BdUhRdTJ3c01ETDhSb182Z3JPLTRsUmE3WDdyelF2NXBlbXFVdWtULTZtaGlXSW5XU05RUnVTaFN3bVo3WERJY1VuVG43MTFkX3NkSW9LbEFoWk5mWlJNNlFhVUtWaWRxdlJTR1BqR1haWVMzUl9XYndTc3hWLTM3S2lhTlFCaGVGcFlBVE52MEZaUWFldEZqQURITVR5UQ?oc=5&hl=en-US&gl=US&ceid=US:en,Unresolvable Google News URL — likely duplicate,rumored
‘it’s A Matter Of Survival’: Singapore Man In His 40s Turns To Gig Work After Layoff To Pay Bills - The Independent Singapore News,2026-04-03,,,Other,https://news.google.com/rss/articles/CBMivgFBVV95cUxNRk9jSmItUkl6LWpPbTdlQ2tlU2FkWnlhekZiUG5ZdkRIT1NHZWh3cVhiSmRCNE9XUjhaazBKenVwblNPX1Utd1JneVF0alc1M3FJUHBCbFowcjFGTzA1cTZBLVNsZkZMeGlRZEt1VWI2OW81cTIyaU92ZmtlNnJzaGFjLUttU3dXbGNRY21kVjA1U0RWc0lmMFhMeVBzUzAybHBIRG5fNmlKZGJjS3VLLTRNcEVua0d0SklDdWpn?oc=5&hl=en-US&gl=US&ceid=US:en,Unresolvable Google News URL — likely duplicate,rumored
Deep Dive Podcast - Should Singapore Introduce Penalties For Companies That Mishandle Layoffs? - Cna,2025-12-18,,,Other,https://news.google.com/rss/articles/CBMixwFBVV95cUxNUUZCUi1HdjRVZEJxbUkyci1qLXl0bVBHYkNwRVI5UEN6V2xrTmhpcTF1QThsbXlZcmV5TE1XeFRfa254Mjh2MGd5M0lRSHZyVndkT1BYdi1SQkFUd1MzckJOVlh2cWFjMWFzV0JEdGowQlJYdDNqSzV4cVFpZkxLZ3F1ZDFNRmx0UXhXb2s1SHFYaGxGT2tkTUJhdlEyQjk0THp5dEhxaDZiMU82cE5td0JRQlNNckdZSjN5V0o2dUV6Zmx5U2k4?oc=5&hl=en-US&gl=US&ceid=US:en,Unresolvable Google News URL — likely duplicate,rumored
"Singapore Layoffs 2026: From Tiger Beer To Amazon, These Are The Firms That Have",2026-05-13,,,Other,https://vulcanpost.com/911236/singapore-layoffs-2026/,Duplicate of existing Amazon entry,rumored
H&m,2026-05-15,,,Other,https://www.businesstimes.com.sg/singapore/hm-lays-staff-singapore-moves-regional-headquarters-malaysia,Duplicate of existing H&M entry,rumored
‘our Sg Head For 15 Years Was Terminated In 15 Minutes’: Employee Rattled By How Quickly Layoffs Happen - The Independent Singapore News,2026-04-26,,,Other,https://theindependent.sg/our-sg-head-for-15-years-was-terminated-in-15-minutes-employee-rattled-by-how-quickly-layoffs-happen/,Commentary / statistics / policy — not a specific layoff event,rumored
Singapore Banks,2026-04-24,,,Other,https://sea.peoplemattersglobal.com/news/workforce-planning/singapore-banks-cut-nearly-3000-jobs-as-ai-and-restructuring-redefine-workforce-49389,Commentary / statistics / policy — not a specific layoff event,rumored
Linkedin Is Planning To,2026-05-13,,,Other,https://www.businesstimes.com.sg/companies-markets/telcos-media-tech/linkedin-planning-lay-5-staff-latest-tech-sector-cuts-source-says,Duplicate of existing LinkedIn entry,rumored
Jll,2026-04-30,,,Other,https://vulcanpost.com/910994/jll-singapore-layoffs/,Duplicate of existing JLL entry,rumored
Shopback Reports Fy2025 Net Profit Amid Layoffs And Bnpl Exit - Fintech,2026-04-10,,,Other,https://fintechnews.sg/129676/payments/shopback-profit-2025/,Same company as existing ShopBack entry,rumored
Oracle Anchors Apac Ai Growth Through Singapore But Layoff Concerns Loom - The Business Times,2026-05-04,,,Other,https://www.businesstimes.com.sg/companies-markets/oracle-anchors-apac-ai-growth-through-singapore-layoff-concerns-loom,Same company as existing Oracle entry,rumored
What Could Block’s 40% Job Layoff Signal For Southeast Asia? - Fintech,2026-03-03,,,Other,https://fintechnews.sg/127020/ai/block-ai-layoffs-impact-southeast-asia-fintech-sector/,Commentary / statistics / policy — not a specific layoff event,rumored
Us-based Company Announced,2026-03-06,,,Other,https://mothership.sg/2026/03/sabre-asia-retrenchments-cny-ramadan/,Commentary / statistics / policy — not a specific layoff event,rumored
Amazon Said To Be On Track For Largest Corporate Layoffs In Its History - Fintech,2026-01-26,,,Other,https://fintechnews.sg/125180/fintech/amazon-corporate-layoffs/,Same company as existing Amazon entry,rumored
"Meta, Microsoft Plan",2026-04-24,,,Other,https://www.straitstimes.com/business/companies-markets/meta-microsoft-plan-cuts-buyouts-that-may-affect-23000-jobs-amid-ai-push,Not a specific layoff event or duplicate,rumored
‘no Corporate Loyalty’: Tenured Oracle Employees And Families React To Mass Layoffs Amid Ai Spending - The Independent Singapore News,2026-04-06,,,Other,https://theindependent.sg/no-corporate-loyalty-tenured-oracle-employees-and-families-react-to-mass-layoffs-amid-ai-spending/,Duplicate of existing Oracle entry,rumored
Ntuc Opposes Agoda's Alleged Unfair,2025-09-17,,,Other,https://www.ntuc.org.sg/ucarecentre/news/NTUC-condemns-Agoda-over-alleged-unfair-retrenchment-of-50-staff/,Duplicate of existing Agoda entry,rumored
Meta Prepares Fresh Wave Of Layoffs In Silicon Valley - The Independent Singapore News,2026-04-07,,,Other,https://theindependent.sg/meta-prepares-fresh-wave-of-layoffs-in-silicon-valley/,Commentary / statistics / policy — not a specific layoff event,rumored
"Agoda Confirms Layoffs In Singapore, Claims Staff Could Pursue Legal Options Or Engage Authorities - The Online Citizen",2025-09-18,,,Other,https://www.theonlinecitizen.com/2025/09/18/agoda-confirms-layoffs-in-singapore-claims-staff-could-pursue-legal-options-or-engage-authorities/,Duplicate of existing Agoda entry,rumored
"Oracle Begins Layoffs Affecting Thousands, Cnbc Reports - The Straits Times",2026-04-01,,,Other,https://www.straitstimes.com/business/companies-markets/oracle-begins-cutting-thousands-of-jobs-as-tech-giant-ramps-up-ai-spending-cnbc-reports,Not a specific layoff event or duplicate,rumored
Fdawu Supports 25 Workers As Yeo Hiap Seng Announces,2026-03-31,,,Other,https://www.ntuc.org.sg/uportal/news/FDAWU-supports-25-workers-as-Yeo-Hiap-Seng-announces-retrenchment-at-Senoko-facility/,Not a specific layoff event or duplicate,rumored
Retrenchments Rise In Singapore As Pmets See Sharper Job Cuts In 2025 - The Independent Singapore News,2026-04-15,,,Other,https://theindependent.sg/retrenchments-rise-in-singapore-as-pmets-see-sharper-job-cuts-in-2025/,Commentary / statistics / policy — not a specific layoff event,rumored
Meta Planning Sweeping Layoffs As Ai Costs Mount - The Straits Times,2026-03-14,,,Other,https://www.straitstimes.com/world/united-states/meta-planning-sweeping-layoffs-as-ai-costs-mount,Not a specific layoff event or duplicate,rumored
"Agoda Axes 50 Singapore Staff In Wider Layoffs, Severance Tied To Silence On Complaints: Ex-employee - The Online Citizen",2025-09-17,,,Other,https://www.theonlinecitizen.com/2025/09/17/agoda-axes-50-singapore-staff-in-wider-layoffs-severance-tied-to-silence-on-complaints-ex-employee/,Not a specific layoff event or duplicate,rumored
Meta Layoffs Amid Ai Spending - The Straits Times,2026-03-26,,,Other,https://www.straitstimes.com/business/companies-markets/meta-cutting-several-hundred-jobs-amid-record-ai-spending-sources,Not a specific layoff event or duplicate,rumored
"Mom Data Shows 14,400",2026-01-29,,,Other,https://theonlinecitizen.com/2026/01/29/mom-data-shows-14-400-retrenchments-in-2025-amid-stronger-employment-growth,Not a specific layoff event or duplicate,rumored
"Agoda Layoffs: Severance Deals Should Not Deter Staff From Reaching Authorities, Says Tan See Leng - The Straits Times",2025-11-05,,,Other,https://www.straitstimes.com/singapore/politics/agoda-layoffs-severance-deals-should-not-deter-employees-from-reaching-the-authorities,Not a specific layoff event or duplicate,rumored
"Singapore Labour Market Expanded In 2025, But",2026-03-20,,,Other,https://www.straitstimes.com/business/economy/spore-labour-market-expanded-in-2025-but-retrenchments-ticked-up-in-q4-mom,Not a specific layoff event or duplicate,rumored
Laid Off By Email – While Oracle Keeps Hiring. What’s Going On? - The Independent Singapore News,2026-04-05,,,Other,https://theindependent.sg/laid-off-by-email-while-oracle-keeps-hiring-what-s-going-on/,Commentary / statistics / policy — not a specific layoff event,rumored
Tech Sector Job,2025-10-28,,,Other,https://www.straitstimes.com/singapore/ai-related-job-cuts-in-tech-sector-in-2025,Not a specific layoff event or duplicate,rumored
Amazon Bungles Layoff Plan With Misfired Internal E-mail - The Straits Times,2026-01-28,,,Other,https://www.straitstimes.com/business/companies-markets/amazon-bungles-layoff-plan-with-misfired-email,Not a specific layoff event or duplicate,rumored
Dhl Unit,2026-04-02,,,Other,https://www.asiaone.com/singapore/dhl-unit-retrenches-workers-singapore-company-and-union-decline-give-details,Not a specific layoff event or duplicate,rumored
Navigating,2025-10-13,,,Other,https://www.ntuc.org.sg/pme/news/Navigating-Retrenchments-What-every-worker-needs-to-know/,Commentary / statistics / policy — not a specific layoff event,rumored
Dhl Unit,2026-04-01,,,Other,https://www.straitstimes.com/business/dhl-unit-retrenches-workers-in-singapore-company-and-union-decline-to-provide-details,Not a specific layoff event or duplicate,rumored
"Propertylimbrothers Disputes Layoff Reports, Seeks Legal Advice Amid Restructuring - The Straits Times",2026-04-16,,,Other,https://www.straitstimes.com/business/propertylimbrothers-disputes-layoff-reports-seeks-legal-advice-amid-restructuring,Not a specific layoff event or duplicate,rumored
Yeo Hiap Seng Axes 25 S’pore Jobs As Can Production Shifts To Malaysia; No Change To Drinks Prices - The Straits Times,2026-03-31,,,Other,https://www.straitstimes.com/business/companies-markets/yeo-hiap-seng-to-move-can-manufacturing-operations-to-malaysia-25-employees-retrenched,Not a specific layoff event or duplicate,rumored
Agoda Axes 50 Singapore Staff; Denies It Warned Affected Staff Against Reporting To Government Agencies - The Business Times,2025-09-17,,,Other,https://www.businesstimes.com.sg/international/global/agoda-axes-50-singapore-staff-denies-it-warned-affected-staff-against-reporting-government-agencies,Not a specific layoff event or duplicate,rumored
Meta Allegedly Laying Off Hundreds Of Employees - Mothership,2026-03-26,,,Other,https://mothership.sg/2026/03/meta-laying-off-hundreds-employees/,Not a specific layoff event or duplicate,rumored
Layoffs Hit Crypto Industry Twice In 2 Days - Yahoo Finance,2026-03-19,,,Other,https://sg.finance.yahoo.com/news/layoffs-hit-crypto-industry-twice-165948720.html,Not a specific layoff event or duplicate,rumored
Yeo's,2026-03-31,,,Other,https://www.channelnewsasia.com/singapore/yeos-lays-25-employees-singapores-senoko-facility-6026106,Not a specific layoff event or duplicate,rumored
"From Amazon To Microsoft, Ai Is Driving Thousands Of Job",2025-12-22,,,Other,https://www.straitstimes.com/business/companies-markets/from-amazon-to-dbs-ai-drove-50000-jobs-cuts-in-2025,Not a specific layoff event or duplicate,rumored
"Retrenchments Rise Slightly In Q3 Amid Restructuring, But Hiring Remains Firm - The Business Times",2025-12-11,,,Other,https://www.businesstimes.com.sg/singapore/economy-policy/retrenchments-rise-slightly-q3-amid-restructuring-hiring-remains-firm,Commentary / statistics / policy — not a specific layoff event,rumored
Amazon To,2025-10-28,,,Other,https://www.straitstimes.com/business/amazon-to-cut-14000-corporate-jobs-worldwide-spore-may-not-be-spared,Not a specific layoff event or duplicate,rumored
Yeo’s To,2026-04-01,25,,Other,https://theindependent.sg/yeo-s-to-cut-25-jobs-in-singapore-in-third-round-of-layoffs-since-2022/,Not a specific layoff event or duplicate,rumored
Agoda Layoffs: Clauses That Deter Workers From Going To Authorities ‘should Not Be Included’ - The Business Times,2025-11-05,,,Other,https://www.businesstimes.com.sg/singapore/economy-policy/agoda-layoffs-clauses-deter-workers-going-authorities-should-not-be-included,Not a specific layoff event or duplicate,rumored
"‘no New Layoffs’: Amazon Denies Viral Report, But Workers Remain Uneasy - The Independent Singapore News",2026-04-10,,,Other,https://theindependent.sg/no-new-layoffs-amazon-denies-viral-report-but-workers-remain-uneasy/,Not a specific layoff event or duplicate,rumored
Exxon’s Job,2025-10-01,,,Other,https://www.bloomberg.com/news/articles/2025-10-01/exxon-s-job-cuts-hit-singapore-with-around-500-layoffs-by-2027,Not a specific layoff event or duplicate,rumored
Amazon Plans Thousands More Corporate Job,2026-01-23,,,Other,https://www.straitstimes.com/business/companies-markets/amazon-plans-thousands-more-corporate-job-cuts-next-week-sources-say,Not a specific layoff event or duplicate,rumored
"Retrenchments Rose Slightly In 2025, But Employment Growth Expanded: Advance Estimates - Cna",2026-01-29,,,Other,https://www.channelnewsasia.com/singapore/employment-growth-2025-retrenchments-labour-market-mom-5892756,Not a specific layoff event or duplicate,rumored
I Got Laid Off From My Big Tech Job. It Led Me To Do Work I Love. - Business Insider,2025-10-05,,,Other,https://www.businessinsider.com/laid-off-big-tech-meta-singapore-focus-career-luxury-travel-2025-10,Not a specific layoff event or duplicate,rumored
We. Communications,2025-09-29,,,Other,https://marketech-apac.com/we-communications-cuts-7-of-singapore-staff-in-business-realignment/,Not a specific layoff event or duplicate,rumored
Amazon To,2026-01-29,16000,,Other,https://mothership.sg/2026/01/amazon-retrench-workers-globally/,Not a specific layoff event or duplicate,rumored
Singapore Court Rejects Bad Faith Termination Claim Against Denso - Hcamag.com,2026-05-15,,,Other,https://www.hcamag.com/asia/specialisation/employment-law/singapore-court-rejects-bad-faith-termination-claim-against-denso/575500,Not a specific layoff event or duplicate,rumored
"19 Years Of Service, No",2026-05-12,,,Other,https://theonlinecitizen.com/2026/05/12/19-years-of-service-no-retrenchment-benefits-high-court-registrar-strikes-out-worker-s-civil-claim,Commentary / statistics / policy — not a specific layoff event,rumored
H&m,2026-05-15,,,Other,https://www.straitstimes.com/business/hm-lays-off-staff-in-singapore-shifts-regional-headquarters-to-malaysia,Duplicate of existing H&M entry,rumored
Retrenchment In Singapore: What Employers Need To Get Right - Human Resources Online,2026-05-11,,,Other,https://www.humanresourcesonline.net/retrenchment-in-singapore-what-employers-need-to-get-right,Commentary / statistics / policy — not a specific layoff event,rumored
Esr Proposes “career Bridges” And Early Support For,2026-05-14,,,Other,https://sbr.com.sg/news/esr-proposes-career-bridges-and-early-support-retrenched-workers,Commentary / statistics / policy — not a specific layoff event,rumored
I Had 10 Months To Prepare For My,2026-04-27,,,Other,https://cnalifestyle.channelnewsasia.com/women/retrenchment-job-loss-identity-grief-581491,Not a specific layoff event or duplicate,rumored
Singapore Ramps Up Ai Employability Support As Pmet,2026-05-13,,,Other,https://sea.peoplemattersglobal.com/news/employee-skilling/singapore-ramps-up-ai-employability-support-as-pmet-retrenchments-rise-49723,Commentary / statistics / policy — not a specific layoff event,rumored
Singapore’s Finance Sector Hit By The Second-highest Job,2026-04-03,,,Other,https://insuranceasia.com/insurance/in-focus/singapores-finance-sector-hit-second-highest-job-cuts-rate,Commentary / statistics / policy — not a specific layoff event,rumored
Workers In Singapore At Risk Of Disruption Could Be Offered ‘career Bridges’ Into Other Jobs - The Straits Times,2026-05-13,,,Other,https://www.straitstimes.com/singapore/workers-in-spore-at-risk-of-disruption-could-be-offered-career-bridges-into-other-jobs,Commentary / statistics / policy — not a specific layoff event,rumored
"‘career Bridges’, Earlier",2026-05-13,,,Other,https://www.businesstimes.com.sg/singapore/economy-policy/career-bridges-earlier-retrenchment-support-among-esrs-final-proposals-workers-facing-disruption,Commentary / statistics / policy — not a specific layoff event,rumored
Singapore Will Not Raise Penalties For Late,2026-05-05,,,Other,https://theonlinecitizen.com/2026/05/05/singapore-will-not-raise-penalties-for-late-retrenchment-notices-as-compliance-improves-dr-tan-see-leng,Commentary / statistics / policy — not a specific layoff event,rumored
No Plans To Raise Late,2026-05-06,,,Other,https://sbr.com.sg/hr-education/news/no-plans-raise-late-retrenchment-notification-penalties-mom,Not a specific layoff event or duplicate,rumored
Amazon,2026-05-07,,,Other,https://www.straitstimes.com/business/amazon-cuts-some-jobs-in-singapore-as-business-focus-shifts,Not a specific layoff event or duplicate,rumored
No Need To Raise Penalties For Late,2026-05-05,,,Other,https://www.businesstimes.com.sg/singapore/no-need-raise-penalties-late-retrenchment-notices-given-high-compliance-rates-tan-see-leng,Commentary / statistics / policy — not a specific layoff event,rumored
"Singapore’s Three Major Banks See Headcount Fall By Nearly 3,000 Roles In 2025 - Fintech",2026-04-24,,,Other,https://fintechnews.sg/130306/ai/singapore-banks-headcount/,Commentary / statistics / policy — not a specific layoff event,rumored
Jll,2026-05-01,,,Other,https://www.asiaone.com/singapore/jll-retrenches-some-singapore-staff,Same company as existing JLL entry,rumored
Finance Sector Ranks Second In,2026-04-01,,,Other,https://asianbankingandfinance.net/news/finance-sector-ranks-second-in-singapore-retrenchment-rate,Commentary / statistics / policy — not a specific layoff event,rumored
"S'pore Added 5k Jobs In Q1, But More Than Half Of Employers Don't Plan To Add More Or Raise Wages - Vulcan Post",2026-04-30,,,Other,https://vulcanpost.com/910999/singapore-mom-advance-labour-report-q1-2026/,Commentary / statistics / policy — not a specific layoff event,rumored
Dhl Unit,2026-04-03,,,Other,https://mothership.sg/2026/04/dhl-unit-march-retrenchment/,Not a specific layoff event or duplicate,rumored
Amazon,2026-05-07,,,Other,https://www.asiaone.com/singapore/amazon-cuts-singapore-workforce-it-phases-out-local-fulfilment-including-amazon-fresh,Duplicate of existing Amazon entry,rumored
About 9 In 10,2026-02-04,,,Other,https://www.straitstimes.com/singapore/politics/about-9-in-10-retrenched-workers-received-retrenchment-benefits-mom,Commentary / statistics / policy — not a specific layoff event,rumored
No Need To Raise Penalties For Late,2026-05-04,,,Other,https://sg.news.yahoo.com/no-raise-penalties-retrenchment-notices-052147656.html,Commentary / statistics / policy — not a specific layoff event,rumored
Fdawu Supports 25 Workers As Yeo Hiap Seng Announces,2026-03-31,,,Other,https://www.ntuc.org.sg/dssu/news/FDAWU-supports-25-workers-as-Yeo-Hiap-Seng-announces-retrenchment-at-Senoko-facility/,Duplicate of existing Yeo Hiap Seng entry,rumored
Mom To Review Suggestions To Make Advance,2026-03-03,,,Other,https://www.straitstimes.com/singapore/politics/mom-says-it-will-review-suggestions-to-make-advance-retrenchment-notifications-mandatory,Not a specific layoff event or duplicate,rumored
Inside Ntuc’s E2i: Career Transition Support For,2026-02-05,,,Other,https://www.ntuc.org.sg/satswu/news/Inside-NTUC-e2i-Career-transition-support-for-retrenched-workers-in-Singapore/,Commentary / statistics / policy — not a specific layoff event,rumored
"Information, Communications Tops",2026-04-01,,,Other,https://sbr.com.sg/news/information-communications-tops-retrenchment-rate-ranking,Commentary / statistics / policy — not a specific layoff event,rumored
Unions Call For Advance Notifications On Employee,2026-02-27,,,Other,https://www.hcamag.com/asia/specialisation/industrial-relations/unions-call-for-advance-notifications-on-employee-retrenchments/566789,Commentary / statistics / policy — not a specific layoff event,rumored
Singapore Urges ‘balanced Approach’ As Mandatory,2026-02-05,,,Other,https://sea.peoplemattersglobal.com/news/compensation-benefits/singapore-urges-balanced-approach-as-mandatory-retrenchment-benefits-could-risk-existing-jobs-48320,Commentary / statistics / policy — not a specific layoff event,rumored
"Mps Raise Ideas To Better Protect Workers, Such As Requiring Advance Notice Of",2026-02-25,,,Other,https://www.straitstimes.com/singapore/politics/mps-raise-ideas-to-better-protect-workers-such-as-requiring-advance-notice-of-retrenchments,Commentary / statistics / policy — not a specific layoff event,rumored
"Singapore’s Total Employment Up By 19,600 In Q4",2026-01-29,,,Other,https://www.businesstimes.com.sg/singapore/singapores-total-employment-19600-q4-retrenchment-level-rises-2025-mom,Not a specific layoff event or duplicate,rumored
More Can Be Done To Help,2026-02-09,,,Other,https://www.straitstimes.com/business/more-can-be-done-to-help-retrenched-workers-in-spore-get-help-earlier-desmond-choo,Commentary / statistics / policy — not a specific layoff event,rumored
"Retrenchments Stable Despite Hitting 3,690 In Q4 2025 - Singapore Business Review",2026-03-25,,,Other,https://sbr.com.sg/hr-education/in-focus/retrenchments-stable-despite-hitting-3690-in-q4-2025,Commentary / statistics / policy — not a specific layoff event,rumored
Singaporeans Have Yet Again Questioned If Singapore Is ‘pro-business’ Amid Concerns On Advance,2026-03-06,,,Other,https://theindependent.sg/singaporeans-have-yet-again-questioned-if-singapore-is-pro-business-amid-concerns-on-advance-retrenchment-notice/,Commentary / statistics / policy — not a specific layoff event,rumored
Yeo Hiap Seng To,2026-03-31,25,,Other,https://theonlinecitizen.com/2026/03/31/yeo-hiap-seng-to-cut-25-jobs-in-singapore-as-can-manufacturing-shifts-to-malaysia-operations,Duplicate of existing Yeo Hiap Seng entry,rumored
About 9 In 10,2026-02-04,,,Other,https://sg.news.yahoo.com/9-10-retrenched-workers-received-131000718.html,Not a specific layoff event or duplicate,rumored
Mom To Review Suggestions To Make Advance,2026-03-03,,,Other,https://sg.news.yahoo.com/mom-review-suggestions-advance-retrenchment-115900506.html,Not a specific layoff event or duplicate,rumored
Manpower Minister Warns Mandatory,2026-03-03,,,Other,https://theonlinecitizen.com/2026/03/03/manpower-minister-warns-mandatory-retrenchment-notifications-could-discourage-job-preservation-talks,Commentary / statistics / policy — not a specific layoff event,rumored
Tiger Beer Brewer Apbs,2026-03-24,,,Other,https://mothership.sg/2026/03/tiger-beer-retrenchment/,Duplicate of existing/added APBs (Tiger Beer) entry,rumored
"Budget 2026: Raise Jobseeker Support Scheme's S$5,000 Income Cap To Cover More",2026-02-25,,,Other,https://www.businesstimes.com.sg/singapore/budget-2026-raise-jobseeker-support-schemes-s5000-income-cap-cover-more-retrenched-pmes-says-ntuc,Commentary / statistics / policy — not a specific layoff event,rumored
Ntuc Chief To Call For Mandatory Advance Notification When Workers Are,2026-02-09,,,Other,https://www.channelnewsasia.com/singapore/ntuc-retrenchment-mandatory-advance-notification-ng-chee-meng-budget-pmes-5916946,Not a specific layoff event or duplicate,rumored
About 90% Of,2026-02-04,,,Other,https://www.asiaone.com/singapore/about-90-employees-received-retrenchment-benefits-past-5-years-koh-poh-koon,Commentary / statistics / policy — not a specific layoff event,rumored
"Esr Committee Aims To Secure Good Jobs For Singaporeans Amidst Ai And Global Disruptions, Say Ntuc's Desmond Choo And Msf's Goh Pei Ming - Ntuc Uportal",2026-02-09,,,Other,https://www.ntuc.org.sg/dssu/news/ESR-committee-aims-to-secure-good-jobs-for-Singaporeans-amidst-AI-and-global-disruptions/,Commentary / statistics / policy — not a specific layoff event,rumored
Singapore Invokes 'balanced Approach' On,2026-02-06,,,Other,https://www.hcamag.com/asia/specialisation/benefits/singapore-invokes-balanced-approach-on-retrenchment-benefits-debate/564444,Commentary / statistics / policy — not a specific layoff event,rumored
Retail Sector Amongst Hardest Hit By Job,2026-04-01,,,Other,https://retailasia.com/news/retail-sector-amongst-hardest-hit-job-cuts-in-singapore,Commentary / statistics / policy — not a specific layoff event,rumored
Budget 2026: Ntuc Calls For Earlier,2026-02-09,,,Other,https://www.ntuc.org.sg/pme/news/Budget-2026-NTUC-calls-for-earlier-retrenchment-notices-and-stronger-support-for-PMEs-amidst-AI/,Commentary / statistics / policy — not a specific layoff event,rumored
Yeo’s,2026-03-31,,,Other,https://vulcanpost.com/910428/yeos-singapore-layoff-senoko/,Duplicate of existing Yeo Hiap Seng entry,rumored
Propertylimbrothers’ Media Arm,2026-04-14,,,Other,https://www.theedgesingapore.com/cityandcountry/singapore-news/propertylimbrothers-media-arm-lays-90-staff-realtors-exit,Not a specific layoff event or duplicate,rumored
Psp Rejects Govt's Defence Of Non-mandatory,2026-02-05,,,Other,https://theonlinecitizen.com/2026/02/05/psp-rejects-govt-s-defence-of-non-mandatory-retrenchment-benefits-urges-stronger-worker-protections,Commentary / statistics / policy — not a specific layoff event,rumored
Propertylimbrothers Reportedly,2026-04-15,,,Other,https://theonlinecitizen.com/2026/04/15/property-lim-brothers-reportedly-cuts-media-arm-staff-months-after-leadership-scandal,Not a specific layoff event or duplicate,rumored
Malaysian,2026-04-08,,,Other,https://says.com/my/lifestyle/malaysian-commuter-singapore-loses-job-after-8-years,Commentary / statistics / policy — not a specific layoff event,rumored
Singapore Labour Market Expands Amidst 4.3%,2026-01-29,,,Other,https://sbr.com.sg/hr-education/news/singapore-labour-market-expands-amidst-43-retrenchment-expectations,Commentary / statistics / policy — not a specific layoff event,rumored
Ntuc To Call For Advance,2026-02-10,,,Other,https://theonlinecitizen.com/2026/02/10/ntuc-to-call-for-advance-retrenchment-notifications-as-ai-disruption-raises-pme-concerns,Commentary / statistics / policy — not a specific layoff event,rumored
Is Singapore ‘employer-friendly’? Singaporeans Say Not Mandating,2026-02-13,,,Other,https://theindependent.sg/is-singapore-employer-friendly-singaporeans-say-not-mandating-retrenchment-benefits-means-workers-will-only-be-at-the-losing-end/,Commentary / statistics / policy — not a specific layoff event,rumored
Yeo’s To,2026-04-01,,,Other,https://sea.peoplemattersglobal.com/news/business/yeos-to-cut-25-singapore-jobs-as-can-production-shifts-to-malaysia-in-latest-restructuring-move-49064,Not a specific layoff event or duplicate,rumored
"Propertylimbrothers Axes Its Media Staff, Denies Reported Scale Of Layoffs - Vulcan Post",2026-04-14,,,Other,https://vulcanpost.com/910729/propertylimbrothers-media-arm-layoff/,Duplicate of existing PropertyLimBrothers entry,rumored
"Retrenched Man Loses Bid To Stop S$5,150 Monthly Maintenance Payments To Ex-wife - Cna",2026-03-17,,,Other,https://www.channelnewsasia.com/singapore/retrenched-divorcee-retiree-maintenance-payments-ex-wife-5998331,Commentary / statistics / policy — not a specific layoff event,rumored
Foreign Workers Take Four In Five Singapore Jobs In 2025 As Internal Indicators Signal A Turning Cycle - The Online Citizen,2026-03-20,,,Other,https://theonlinecitizen.com/2026/03/20/foreign-workers-take-four-in-five-singapore-jobs-in-2025-as-internal-indicators-signal-a-turning-cycle,Commentary / statistics / policy — not a specific layoff event,rumored
Are You Going To Get,2026-01-24,,,Other,https://www.asiaone.com/lifestyle/are-you-going-get-retrenched-2026-5-signs,Not a specific layoff event or duplicate,rumored
Propertylimbrothers,2026-04-16,,,Other,https://mothership.sg/2026/04/propertylimbrothers-media-lay-offs/,Duplicate of existing PropertyLimBrothers entry,rumored
Pritam Singh Calls For Stricter,2026-02-04,,,Other,https://theonlinecitizen.com/2026/02/04/pritam-singh-calls-for-stricter-retrenchment-rules-for-larger-firms-dr-koh-defends-current-framework,Commentary / statistics / policy — not a specific layoff event,rumored
"Cisco Stock Jumps On Booming Ai Orders, Job",2026-05-14,,,Other,https://sg.finance.yahoo.com/news/cisco-stock-jumps-on-booming-ai-orders-job-cuts-115219593.html,Commentary / statistics / policy — not a specific layoff event,rumored
"Meta Ceo Zuckerberg Blames Layoffs On Capital Spending, Won’t Rule Out More Job",2026-05-01,,,Other,https://www.businesstimes.com.sg/companies-markets/telcos-media-tech/meta-ceo-zuckerberg-blames-layoffs-capital-spending-wont-rule-out-more-job-cuts,Not a specific layoff event or duplicate,rumored
Jll,2026-04-30,,,Other,https://www.businesstimes.com.sg/pulse/article/8976135,Not a specific layoff event or duplicate,rumored
"Meta, Microsoft Plan",2026-04-24,,,Other,https://www.businesstimes.com.sg/companies-markets/meta-microsoft-plan-cuts-buyouts-may-affect-23000-jobs,Not a specific layoff event or duplicate,rumored
"Singapore Firms Feel Energy Cost Squeeze, Most Hold Off Job",2026-04-20,,,Other,https://www.bloomberg.com/news/articles/2026-04-20/singapore-firms-feel-energy-cost-squeeze-most-hold-off-job-cuts,Commentary / statistics / policy — not a specific layoff event,rumored
"Singapore Firms Feel Energy Cost Squeeze, Most Hold Off Job",2026-04-20,,,Other,https://www.theedgesingapore.com/news/singapore-economy/singapore-firms-feel-energy-cost-squeeze-most-hold-job-cuts,Commentary / statistics / policy — not a specific layoff event,rumored
Embrace Ai Or Get Left Behind: Job,2026-05-06,,,Other,https://www.businesstimes.com.sg/international/global/embrace-ai-or-get-left-behind-job-cuts-sweep-through-crypto-firms,Commentary / statistics / policy — not a specific layoff event,rumored
Ai-exposed Firms,2026-04-27,,,Other,https://www.businesstimes.com.sg/startups-tech/technology/ai-exposed-firms-cut-4-jobs-car-sector-hardest-hit-morgan-stanley-report,Commentary / statistics / policy — not a specific layoff event,rumored
23k Roles At Risk As Meta & Microsoft,2026-04-23,,,Other,https://vulcanpost.com/910878/meta-microsoft-job-cuts-buyouts-2026/,Commentary / statistics / policy — not a specific layoff event,rumored
"S’pore Sets Out Economic Strategy Road Map To Stay Competitive, Create Good Jobs - Yahoo News",2026-05-13,,,Other,https://sg.news.yahoo.com/pore-sets-economic-strategy-road-040000380.html,Not a specific layoff event or duplicate,rumored
Tech And Finance Sectors See Highest Job,2026-03-31,,,Other,https://hrsea.economictimes.indiatimes.com/news/industry/singapore-job-cuts-surge-in-tech-and-finance-sectors-new-study-reveals/129917809,Commentary / statistics / policy — not a specific layoff event,rumored
"Plb Confirms Media Arm Layoffs Amid Restructuring, Disputes Scale Of Job",2026-04-17,,,Other,https://sea.peoplemattersglobal.com/news/strategic-hr/plb-confirms-media-arm-layoffs-amid-restructuring-disputes-scale-of-job-cuts-49298,Not a specific layoff event or duplicate,rumored
Singapore Approves Plan To Protect Jobs In The Ai ​​age. - Bitget,2026-05-08,,,Other,https://www.bitget.com/news/detail/12560605404168,Commentary / statistics / policy — not a specific layoff event,rumored
Uk Job,2026-04-21,,,Other,https://www.businesstimes.com.sg/international/uk-job-cuts-suggest-companies-are-turning-cautious-iran-war,Non-Singapore event,rumored
Hsbc Weighs Deep Job,2026-03-19,,,Other,https://www.channelnewsasia.com/business/hsbc-bank-job-cuts-ai-overhaul-6003121,Not a specific layoff event or duplicate,rumored
Oracle Plans Thousands Of Job,2026-03-06,,,Other,https://www.businesstimes.com.sg/companies-markets/telcos-media-tech/oracle-plans-thousands-job-cuts-face-ai-cash-crunch,Not a specific layoff event or duplicate,rumored
Wall Street Banks,2026-04-16,,,Other,https://www.businesstimes.com.sg/companies-markets/banking-finance/wall-street-banks-cut-more-5000-jobs-even-they-notch-record-profits,Commentary / statistics / policy — not a specific layoff event,rumored
Singapore Becomes Primary Hub As Gemini,2026-02-10,,,Other,https://fintechnews.sg/126164/crypto/gemini-singapore-global-restructuring/,Not a specific layoff event or duplicate,rumored
Amazon,2026-01-28,,,Other,https://www.channelnewsasia.com/world/amazon-cut-jobs-global-layoff-retrenchment-ai-5890951,Not a specific layoff event or duplicate,rumored
Massive Job,2026-04-16,,,Other,https://theindependent.sg/massive-job-cuts-at-bbc-looming-amid-turbulent-economy/,Commentary / statistics / policy — not a specific layoff event,rumored
‘your Degree Means Nothing Anymore’: Malaysian Says High-skilled Workers Are Not As ‘safe’ From Layoffs As They Think - The Independent Singapore News,2026-03-31,,,Other,https://theindependent.sg/your-degree-means-nothing-anymore-malaysian-says-high-skilled-workers-are-not-as-safe-from-layoffs-as-they-think/,Non-Singapore event,rumored
Hsbc Mulls Over Job,2026-03-19,,,Other,https://www.straitstimes.com/business/banking/hsbc-mulls-deep-job-cuts-from-multiyear-ai-fuelled-overhaul-sources,Not a specific layoff event or duplicate,rumored
Hsbc Names David Rice As First Chief Ai Officer As It Weighs Job,2026-03-24,,,Other,https://fintechnews.sg/127989/ai/hsbc-ai-chief/,Not a specific layoff event or duplicate,rumored
Tiger Beer Maker Apbs To,2026-03-24,130,,Other,https://www.businesstimes.com.sg/singapore/tiger-beer-maker-apbs-cut-130-roles-singapore-over-two-years-amid-brewing-scale-down,Duplicate of existing/added APBs (Tiger Beer) entry,rumored
"From Amazon To Microsoft, Ai Is Driving Thousands Of Job",2025-12-22,,,Other,https://www.businesstimes.com.sg/companies-markets/amazon-microsoft-ai-driving-thousands-job-cuts-worldwide,Not a specific layoff event or duplicate,rumored
"Mti Data Reveals Nearly 20,000 Job Losses Across Key Singapore Sectors In 2025 - People Matters Media",2025-11-23,,,Other,https://sea.peoplemattersglobal.com/article/workforce-planning/mti-data-reveals-nearly-20000-job-losses-across-key-singapore-sectors-in-2025-47372,Not a specific layoff event or duplicate,rumored
Top Ikea Retailer To,2026-03-19,,,Other,https://www.businesstimes.com.sg/companies-markets/consumer-healthcare/top-ikea-retailer-cut-800-office-jobs,Commentary / statistics / policy — not a specific layoff event,rumored
43% Singapore Professionals Changed Employers For 10%+ Pay Increases As Salary Dissatisfaction Rises - The Independent Singapore News,2026-04-14,,,Other,https://theindependent.sg/43-singapore-professionals-changed-employers-for-10-pay-increases-as-salary-dissatisfaction-rises/,Commentary / statistics / policy — not a specific layoff event,rumored
Amazon To,2026-01-29,16000,,Other,https://www.straitstimes.com/business/companies-markets/amazon-to-cut-16000-jobs-worldwide,Not a specific layoff event or duplicate,rumored
"Crypto.com, Based In S'pore",2026-03-20,,,Other,https://mothership.sg/2026/03/crypto-com-cut-workforce-ai-adoption/,Duplicate of existing/added Crypto.com entry,rumored
‘stop Hiring Humans’? Silicon Valley Confronts Ai Job Panic - The Straits Times,2026-04-12,,,Other,https://www.straitstimes.com/world/united-states/stop-hiring-humans-silicon-valley-confronts-ai-job-panic,Commentary / statistics / policy — not a specific layoff event,rumored
Hsbc Mulls Deep Job,2026-03-19,,,Other,https://www.businesstimes.com.sg/companies-markets/banking-finance/hsbc-mulls-deep-job-cuts-multi-year-ai-fuelled-overhaul,Duplicate of existing/added HSBC entry,rumored
"Layoffs Are Piling Up, Heightening Worker Anxiety. Here Are Some Of The Biggest Recent Job",2026-02-02,,,Other,https://theindependent.sg/layoffs-are-piling-up-heightening-worker-anxiety-here-are-some-of-the-biggest-recent-job-cuts/,Commentary / statistics / policy — not a specific layoff event,rumored
Amazon,2026-03-05,,,Other,https://www.businesstimes.com.sg/companies-markets/telcos-media-tech/amazon-cuts-more-jobs-time-robotics-unit,Same company as existing Amazon entry,rumored
"Amazon To Trim Workforce Again, With Job",2026-01-23,,,Other,https://theindependent.sg/amazon-to-trim-workforce-again-with-job-cuts-expected-next-week/,Same company as existing Amazon entry,rumored
"Ai Is Taking The Blame For Layoffs — But Analysts Say It’s Really Tariffs, Overhiring, And Cost-",2026-02-11,,,Other,https://theindependent.sg/ai-is-taking-the-blame-for-layoffs-but-analysts-say-its-really-tariffs-overhiring-and-cost-cutting/,Commentary / statistics / policy — not a specific layoff event,rumored
Hsbc Mulls Deep Job,2026-03-19,,,Other,https://www.theedgesingapore.com/news/news/hsbc-mulls-deep-job-cuts-multiyear-ai-fuelled-overhaul--bloomberg,Duplicate of existing/added HSBC entry,rumored
Amazon Bungles Wednesday Layoff Plan With Misfired Internal Email - The Business Times,2026-01-28,,,Other,https://www.businesstimes.com.sg/companies-markets/telcos-media-tech/amazon-bungles-wednesday-layoff-plan-misfired-internal-email,Same company as existing Amazon entry,rumored
Block Ceo Jack Dorsey,2026-03-01,,,Other,https://theindependent.sg/block-ceo-jack-dorsey-cuts-4000-jobs-says-more-companies-will-follow/,Duplicate of existing/added Block entry,rumored
Mandating Advanced,2026-03-03,,,Other,https://mothership.sg/2026/03/mandatory-advanced-retrenchment-tan-see-leng/,Not a specific layoff event or duplicate,rumored
Commentary: Tech Companies Are Blaming Massive Layoffs On Ai. What’s Really Going On? - Cna,2026-03-17,,,Other,https://www.channelnewsasia.com/commentary/ai-job-disruption-tech-companies-layoff-meta-amazon-5996221,Commentary / statistics / policy — not a specific layoff event,rumored
Meta And Microsoft Have Joined The Tech Layoff Tsunami. Is Ai Really To Blame? - The Straits Times,2026-04-28,,,Other,https://www.straitstimes.com/opinion/meta-and-microsoft-have-joined-the-tech-layoff-tsunami-is-ai-really-to-blame,Not a specific layoff event or duplicate,rumored
"Singapore Market Weekly: Seatrium Arbitration, Capitaland Investment Growth, Fund Flows, Dividend Calendar & China Tech Layoffs 12345678 - Minichart",2026-02-10,,,Other,https://www.minichart.com.sg/2026/02/10/singapore-market-weekly-seatrium-arbitration-capitaland-investment-growth-fund-flows-dividend-calendar-china-tech-layoffs-12345678/,Non-Singapore event,rumored
"Laid-off Tech Professional Finds Job After 14 Months, Shares Advice For Job Seekers: ‘i Am Seeing Light At The End Of This Tunnel’ - The Independent Singapore News",2026-04-05,,,Other,https://theindependent.sg/laid-off-tech-professional-finds-job-after-14-months-shares-advice-for-job-seekers-i-am-seeing-light-at-the-end-of-this-tunnel/,Commentary / statistics / policy — not a specific layoff event,rumored
High-profile Tech Layoffs In The Past Nine Months - The Straits Times,2025-02-20,,,Other,https://www.straitstimes.com/tech/5-high-profile-tech-layoffs-in-the-last-nine-months-to-2025,Commentary / statistics / policy — not a specific layoff event,rumored
Singapore Can’t Afford To Let Sudden Layoffs Become The Norm - Bizbeat,2024-11-13,,,Other,https://bizbeat.nus.edu.sg/thought-leadership/article/singapore-cant-afford-to-let-sudden-layoffs-become-the-norm/,Commentary / statistics / policy — not a specific layoff event,rumored
"St Explains: Why Are Tech Companies In S’pore Laying Off People, And Is It Going To Stop? - The Straits Times",2024-10-16,,,Other,https://www.straitstimes.com/singapore/jobs/st-explains-why-are-tech-companies-in-s-pore-laying-off-people-and-is-it-going-to-stop,Commentary / statistics / policy — not a specific layoff event,rumored
"Singapore Tech Employee Says His Role Will Be Outsourced To India In 6 Months, Seeks Advice On How To Prepare For",2025-10-14,,,Other,https://theindependent.sg/singapore-tech-employee-says-his-role-will-be-outsourced-to-india-in-6-months-seeks-advice-on-how-to-prepare-for-retrenchment/,Commentary / statistics / policy — not a specific layoff event,rumored
Tech's Been Hit By Layoffs. But Singapore Is Still Investing Big In Its Talent — In Tech And Beyond - Cnbc,2023-05-08,,,Other,https://www.cnbc.com/2023/05/09/singapore-still-investing-big-in-tech-talent-despite-layoffs.html,Not a specific layoff event or duplicate,rumored
"‘job Hugging’ Up As Resignation Rates In S’pore At Record Lows, Average Job Tenure Rises To 8 Years - The Straits Times",2025-11-15,,,Other,https://www.straitstimes.com/life/job-hugging-resignation-rates-have-reached-record-lows-experts-say-no-one-crisis-to-blame,Commentary / statistics / policy — not a specific layoff event,rumored
Fuku Ai Responds To Tech Layoffs In Singapore With Scalable Ai Recruitment Platform - The Straits Times,2025-07-28,,,Other,https://www.straitstimes.com/paid-press-releases/fuku-ai-responds-to-tech-layoffs-in-singapore-with-scalable-ai-recruitment-platform-20250728,Not a specific layoff event or duplicate,rumored
Meta Layoffs: The Ripple Effects On Employees In Singapore - People Matters Media,2025-02-17,,,Other,https://sea.peoplemattersglobal.com/news/business/meta-layoffs-the-ripple-effects-on-employees-in-singapore-44405,Not a specific layoff event or duplicate,rumored
"1,270 Layoffs Reported From Tech Firms In Singapore From July To November - The Straits Times",2022-11-28,,,Other,https://www.straitstimes.com/singapore/politics/1270-layoffs-reported-from-tech-firms-in-singapore-from-july-to-november,Not a specific layoff event or duplicate,rumored
Explainer: Why Are There So Many Tech Layoffs In 2024 Amid The Rise Of Ai? - Cna,2024-01-16,,,Other,https://www.channelnewsasia.com/singapore/explainer-why-are-there-so-many-tech-layoffs-in-2024-amid-rise-ai-4630226,Commentary / statistics / policy — not a specific layoff event,rumored
‘i Applied To Over 300 Jobs’: What People Wish They Knew Before They Got Laid Off - The Straits Times,2025-07-05,,,Other,https://www.straitstimes.com/life/i-applied-to-over-300-jobs-what-people-wish-they-knew-before-they-got-laid-off,Commentary / statistics / policy — not a specific layoff event,rumored
Great Resignation To Great Layoffs: Does The Recent Tech Layoffs Signal An Industry Downturn? - Vulcan Post,2022-06-20,,,Other,https://vulcanpost.com/792165/layoffs-tech-crypto-industry-downturn/,Not a specific layoff event or duplicate,rumored
Singapore Can’t Afford To Let Sudden Layoffs Become The Norm - The Straits Times,2024-11-13,,,Other,https://www.straitstimes.com/opinion/singapore-cant-afford-to-let-sudden-layoffs-become-the-norm,Commentary / statistics / policy — not a specific layoff event,rumored
Ninja Van,2025-08-12,,,Other,https://www.straitstimes.com/business/ninja-van-cuts-12-of-singapore-workforce-after-2-rounds-of-layoffs-in-2024,POTENTIAL DUPLICATE - verify manually,rumored
Tech Talent Hunt Continues Despite Layoffs As Firms Deepen Digitalisation - The Straits Times,2025-03-12,,,Other,https://www.straitstimes.com/singapore/jobs/tech-talent-hunt-continues-despite-layoffs-as-firms-deepen-digitalisation,Commentary / statistics / policy — not a specific layoff event,rumored
Southeast Asia’s Tech Take-off And Layoffs - East Asia Forum,2023-01-13,,,Other,https://eastasiaforum.org/2023/01/13/southeast-asias-tech-take-off-and-layoffs/,Non-Singapore event,rumored
‘i Got Laid Off From My S$8k/mth Job And Lost $12k/mth Side Hustles To Foreigners’ — Sg Tech Professional Says He Now Has To ‘apply For Security Guard Jobs’ - The Independent Singapore News,2025-11-17,,,Other,https://theindependent.sg/i-got-laid-off-from-my-s8k-mth-job-and-lost-12k-mth-side-hustles-to-foreigners-sg-tech-professional-says-he-now-has-to-apply-for-security-guard-jobs/,Commentary / statistics / policy — not a specific layoff event,rumored
"After 2 Rounds Of Layoffs In 2024, Ninja Van Axes Another 12% Of Its S’pore Employees - Vulcan Post",2025-08-13,,,Other,https://vulcanpost.com/894396/ninja-van-layoff-12/,Not a specific layoff event or duplicate,rumored
Standard Chartered,2025-06-18,,,Other,https://www.straitstimes.com/business/standard-chartered-cuts-jobs-in-singapore-moves-them-to-india,Not a specific layoff event or duplicate,rumored
"Ai Is Displacing Software Engineers, But Those In Singapore Have The Chance To Fare Better - The Straits Times",2025-10-20,,,Other,https://www.straitstimes.com/business/ai-is-displacing-software-engineers-but-those-in-singapore-have-the-chance-to-fare-better,Commentary / statistics / policy — not a specific layoff event,rumored
Tech Firms Slash Jobs Amid Uncertainties: 8 High-profile Layoffs In 2022 - The Straits Times,2022-11-14,,,Other,https://www.straitstimes.com/tech/tech-news/tech-firms-slash-jobs-amid-uncertainties-8-high-profile-layoffs-in-2022,Commentary / statistics / policy — not a specific layoff event,rumored
Dyson Deals A Blow To Singapore’s High-tech Manufacturing Drive - Bloomberg.com,2024-10-04,,,Other,https://www.bloomberg.com/news/newsletters/2024-10-05/dyson-layoffs-in-singapore-stir-up-trouble-for-city-s-tech-sector-ambitions,Non-Singapore event,rumored
‘how I Coped Facing Layoffs As A Millennial’ — Singaporean Shares Her ‘,2025-07-08,,,Other,https://theindependent.sg/how-i-coped-facing-layoffs-as-a-millennial-singaporean-shares-her-retrenchment-story-as-a-reminder-that-even-in-difficult-seasons-growth-and-renewal-are-possible/,Commentary / statistics / policy — not a specific layoff event,rumored
Goodbye To Big Tech’s Big Perks? S’pore Workers Say Global Techlash Has Come For Their Benefits - The Straits Times,2024-11-16,,,Other,https://www.straitstimes.com/life/goodbye-to-big-techs-big-perks-spore-workers-say-global-techlash-has-come-for-their-benefits,Commentary / statistics / policy — not a specific layoff event,rumored
Tiktok Layoffs: Job,2025-02-20,,,Other,https://sea.peoplemattersglobal.com/news/business/tiktok-layoffs-job-cuts-impact-trust-and-safety-staff-44474,Duplicate of existing/added TikTok entry,rumored
Singapore Tech Salaries Rise Modestly As Hiring Rebounds In 2025 - Singapore Business Review,2025-04-09,,,Other,https://sbr.com.sg/hr-education/news/singapore-tech-salaries-rise-modestly-hiring-rebounds-in-2025,Commentary / statistics / policy — not a specific layoff event,rumored
"Amid Losses And Ipo Delays, Ninja Van Conducts Layoffs In Tech Office - The Edge",2024-04-30,,,Other,https://www.theedgesingapore.com/news/company-news/amid-losses-and-ipo-delays-ninja-van-conducts-layoffs-tech-office,Not a specific layoff event or duplicate,rumored
Sph Media,2024-11-04,,,Other,https://www.straitstimes.com/singapore/sph-media-lays-off-34-employees-amid-restructuring-of-technology-division,Not a specific layoff event or duplicate,rumored
Meta,2022-11-10,,,Other,https://www.straitstimes.com/singapore/jobs/meta-layoffs-hit-singapore-as-tech-giant-cuts-11000-jobs-worldwide,Not a specific layoff event or duplicate,rumored
Ninja Van,2024-07-01,,,Other,https://www.straitstimes.com/singapore/jobs/ninja-van-cuts-5-of-singapore-workforce,Not a specific layoff event or duplicate,rumored
Over 120 Staff Of Jobs Site Indeed Laid Off In Singapore As Hiring Boom Cools - The Business Times,2023-03-23,,,Other,https://www.businesstimes.com.sg/startups-tech/startups/over-120-staff-jobs-site-indeed-laid-singapore-hiring-boom-cools,Not a specific layoff event or duplicate,rumored
Ninja Van,2024-04-30,,,Other,https://mothership.sg/2024/04/ninja-van-lay-offs/,Not a specific layoff event or duplicate,rumored
"Layoffs In Singapore Rise To 1,120 In Q3, Driven By Tech Firms - The Straits Times",2022-12-15,,,Other,https://www.straitstimes.com/singapore/jobs/layoffs-in-singapore-rise-to-1120-in-q3-driven-by-tech-firms,Not a specific layoff event or duplicate,rumored
Tech Layoffs: How Badly Will The Office Market Be Hit? - Edgeprop.sg,2022-12-08,,,Other,https://www.edgeprop.sg/property-news/tech-layoffs-how-badly-will-office-market-be-hit,Not a specific layoff event or duplicate,rumored
Creative Technology,2025-03-18,,,Other,https://www.theonlinecitizen.com/2025/03/18/creative-technology-lays-off-40-staff-in-restructuring-amid-wider-tech-industry-job-cuts/,Not a specific layoff event or duplicate,rumored
Tiktok,2025-02-24,,,Other,https://e.vnexpress.net/news/tech/enterprises/tiktok-cuts-trust-and-safety-jobs-in-singapore-amid-global-layoffs-4853439.html,Not a specific layoff event or duplicate,rumored
"In Wake Of Tech Layoffs, Culled Workers Are Biding Their Time - The Low Down - Momentum Works",2022-12-05,,,Other,https://thelowdown.momentum.asia/in-wake-of-tech-layoffs-culled-workers-are-biding-their-time/,Commentary / statistics / policy — not a specific layoff event,rumored
Online Community Xoogler To Expand Support To Laid Off Tech Workers Outside Google - The Straits Times,2023-04-02,,,Other,https://www.straitstimes.com/singapore/online-community-xoogler-to-expand-support-to-laid-off-tech-workers-outside-google,Commentary / statistics / policy — not a specific layoff event,rumored
Singapore Not Spared As Amazon,2023-04-27,,,Other,https://www.straitstimes.com/singapore/singapore-not-spared-as-amazon-carries-out-retrenchment-exercise-affecting-9000-workers,Commentary / statistics / policy — not a specific layoff event,rumored
'the Biggest Fear Of My Career Come True': Meta Layoffs Hit Singapore As Tech Giant,2022-11-09,,,Other,https://www.asiaone.com/singapore/biggest-fear-my-career-come-true-meta-layoffs-hit-singapore-tech-giant-cuts-11k-jobs,Commentary / statistics / policy — not a specific layoff event,rumored
"Microsoft Layoffs Hit Software Engineers Hardest, With Ai Costs On The Rise - The Straits Times",2025-05-15,,,Other,https://www.straitstimes.com/business/companies-markets/microsoft-layoffs-hit-coders-hardest-with-ai-costs-on-the-rise,Not a specific layoff event or duplicate,rumored
"From Lazada To Amazon: Here Is A List Of Companies Laying Off In 2024, Including In S’pore - Vulcan Post",2024-01-17,,,Other,https://vulcanpost.com/850132/companies-laying-off-2024-including-singapore/,Not a specific layoff event or duplicate,rumored
"Tech Layoffs Hit Lazada, With 100 People",2024-01-05,,,Other,https://vulcanpost.com/848638/lazada-axes-about-100-employees-in-mass-layoffs/,Not a specific layoff event or duplicate,rumored
Ninja Van Downsizes S’pore And Regional Tech Team; Ntuc ‘dismayed’ Layoff Was Just Before May Day - The Straits Times,2024-04-30,,,Other,https://www.straitstimes.com/business/ninja-van-downsizes-tech-team-in-s-pore-and-the-region-workers-laid-off,Not a specific layoff event or duplicate,rumored
Singapore’s Digital Economy Made Up 17.7% Of Gdp In 2023 - The Straits Times,2024-10-29,,,Other,https://www.straitstimes.com/singapore/singapores-digital-economy-contributed-17-7-to-gdp-in-2023-more-than-200000-jobs-created,Commentary / statistics / policy — not a specific layoff event,rumored
S'pore's Creative Technology,2025-03-18,,,Other,https://mothership.sg/2025/03/creative-technology-retrench-staff/,Not a specific layoff event or duplicate,rumored
"‘job Hugging’ Up As Resignation Rates In S’pore At Record Lows, Average Job Tenure Rises To 8 Years - Nanyang Technological University - Ntu",2025-11-19,,,Other,https://www.ntu.edu.sg/business/news-events/news/story-detail/job-hugging-up-as-resignation-rates-in-s-pore-at-record-lows-average-job-tenure-rises-to-8-years,Commentary / statistics / policy — not a specific layoff event,rumored
"Agoda Layoffs: Ntuc Deeply Concerned Workers Allegedly Denied Their Rights, Mom To Investigate - Mothership",2025-09-17,,,Other,https://mothership.sg/2025/09/ntuc-siseu-mom-tafep-agoda/,Not a specific layoff event or duplicate,rumored
"Propertylimbrothers Axes 'majority' Of Media Roles Amid Restructuring, Singapore News - Asiaone",2026-04-15,,,Other,https://www.asiaone.com/singapore/propertylimbrothers-axes-majority-media-roles-restructuring-layoffs,Not a specific layoff event or duplicate,rumored
Global Pr Firm We. Communications,2025-09-26,,,Other,https://www.straitstimes.com/business/companies-markets/global-pr-firm-we-communications-lays-off-staff-in-singapore,Not a specific layoff event or duplicate,rumored
Snef Backs Earlier,2026-05-14,,,Other,https://www.hcamag.com/asia/specialisation/change-management/snef-backs-earlier-retrenchment-notices-shorter-notification-times/575193,Commentary / statistics / policy — not a specific layoff event,rumored
No Need To Raise Penalties For Late,2026-05-05,,,Other,https://www.straitstimes.com/singapore/politics/no-need-to-raise-penalties-for-late-retrenchment-notices-for-now-tan-see-leng,Commentary / statistics / policy — not a specific layoff event,rumored
Amazon,2026-05-07,,,Other,https://www.businesstimes.com.sg/companies-markets/amazon-cuts-singapore-workforce-it-phases-out-local-fulfilment-including-amazon-fresh,Not a specific layoff event or duplicate,rumored
Parliament Supports Motion On ‘no Jobless Growth’ Amid Ai Disruption - The Straits Times,2026-05-06,,,Other,https://www.straitstimes.com/singapore/politics/parliament-supports-motion-on-no-jobless-growth-amid-ai-disruption,Commentary / statistics / policy — not a specific layoff event,rumored
Patrick Tay Urges Government Action On Companies Paying Lower,2026-02-04,,,Other,https://www.ntuc.org.sg/pme/news/Patrick-Tay-urges-Government-action-on-companies-paying-lower-retrenchment-benefits-than-guidelines/,Commentary / statistics / policy — not a specific layoff event,rumored
Budget 2026: Ntuc Calls For Earlier,2026-02-09,,,Other,https://www.ntuc.org.sg/uportal/news/Budget-2026-NTUC-calls-for-earlier-retrenchment-notices-and-stronger-support-for-PMEs-amidst-AI/,Commentary / statistics / policy — not a specific layoff event,rumored
Oracle Plans Thousands Of Job,2026-03-06,,,Other,https://www.straitstimes.com/business/companies-markets/oracle-plans-thousands-of-job-cuts-in-face-of-ai-cash-crunch,Not a specific layoff event or duplicate,rumored
Forms Of Government Financial Support For Workers Affected By,2026-01-26,,,Other,https://dollarsandsense.sg/forms-of-government-financial-support-for-workers-affected-by-retrenchment/,Commentary / statistics / policy — not a specific layoff event,rumored
"H&m To Move South-east Asia Hub To Kuala Lumpur, Announces Layoffs For 30pc Of Regional Support Headcount - Yahoo News Malaysia",2026-05-13,,,Other,https://malaysia.news.yahoo.com/h-m-move-south-east-113114964.html,Non-Singapore event,rumored
Exxonmobil Expects To,2025-10-01,,,Other,https://www.straitstimes.com/business/companies-markets/exxon-expects-to-cut-singapore-staff-by-10-to-15-by-end-2027,Not a specific layoff event or duplicate,rumored
Exxonmobil Expects To,2025-10-01,,,Other,https://www.channelnewsasia.com/singapore/exxon-cut-singapore-staff-10-15-2027-5379381,Not a specific layoff event or duplicate,rumored
‘bloodied Onslaughts’: Experts Warn Of Ai’s Growing Impact On Office Jobs - The Straits Times,2025-10-30,,,Other,https://www.straitstimes.com/business/bloodied-onslaughts-experts-warn-of-ais-growing-impact-on-office-jobs,Commentary / statistics / policy — not a specific layoff event,rumored
Companies Are Warming Up To Saying Ai Is The Reason For Job,2025-11-20,,,Other,https://www.straitstimes.com/business/companies-markets/companies-are-warming-up-to-saying-ai-is-the-reason-for-job-cuts,Commentary / statistics / policy — not a specific layoff event,rumored
"Amazon Targets As Many As 30,000 Corporate Job",2025-10-28,,,Other,https://www.channelnewsasia.com/world/amazon-30000-corporate-job-cuts-layoffs-retrenchment-5428276,Not a specific layoff event or duplicate,rumored
Singapore Hiring Momentum Accelerates In Q3 As Job Gains More Than Double - People Matters Media,2025-11-03,,,Other,https://sea.peoplemattersglobal.com/news/workforce-planning/singapore-hiring-momentum-accelerates-in-q3-as-job-gains-more-than-double-47052,Commentary / statistics / policy — not a specific layoff event,rumored
Hp To,2025-11-26,,,Other,https://www.channelnewsasia.com/business/hp-cut-thousands-jobs-due-ai-adoption-5490266,Not a specific layoff event or duplicate,rumored
"We. Communications, Long-time Pr Firm For Microsoft",2025-09-26,,,Other,https://www.businesstimes.com.sg/singapore/we-communications-long-time-pr-firm-microsoft-cuts-7-its-singapore-workforce,Not a specific layoff event or duplicate,rumored
Commentary: The Ai Job,2025-08-05,,,Other,https://www.channelnewsasia.com/commentary/ai-tech-job-cuts-layoffs-redesign-career-replace-human-5275621,Commentary / statistics / policy — not a specific layoff event,rumored
Exxonmobil To,2025-10-01,,,Other,https://mothership.sg/2025/10/exxonmobil-cut-500-jobs-singapore/,Not a specific layoff event or duplicate,rumored
Behind Job Losses Are Real People. Companies Need To Remember That - The Straits Times,2025-12-03,,,Other,https://www.straitstimes.com/opinion/behind-job-losses-are-real-people-companies-need-to-remember-that,Commentary / statistics / policy — not a specific layoff event,rumored
Singapore’s Gxs Bank To,2025-12-04,,,Other,https://www.fintechfutures.com/job-cuts-new-hires/singapores-gxs-bank-to-lay-off-10-of-staff-following-strategic-review,Not a specific layoff event or duplicate,rumored
Amazon Planning To,2025-10-27,,,Other,https://www.straitstimes.com/business/companies-markets/amazon-targets-as-many-as-30000-corporate-job-cuts-sources-say,Not a specific layoff event or duplicate,rumored
Propertylimbrothers Disputes Reported Scale Of Media Arm Layoffs Amid Restructuring Shift - The Online Citizen,2026-04-17,,,Other,https://theonlinecitizen.com/2026/04/17/property-lim-brothers-disputes-reported-scale-of-media-arm-layoffs-amid-restructuring-shift,Not a specific layoff event or duplicate,rumored
Global Firms Ramp Up Job,2025-10-29,,,Other,https://www.straitstimes.com/business/companies-markets/global-firms-slash-jobs-amid-weak-sentiment-ai-push,Not a specific layoff event or duplicate,rumored
Ninja Van Slashes 12% Of Singapore Staff In Latest Round Of Layoffs - People Matters Media,2025-08-18,,,Other,https://sea.peoplemattersglobal.com/news/business/ninja-van-slashes-12-of-singapore-staff-in-latest-round-of-layoffs-46496,Not a specific layoff event or duplicate,rumored
Singapore Not Spared As Amazon Carries Out,2023-04-27,,,Other,https://www.businesstimes.com.sg/companies-markets/singapore-not-spared-amazon-carries-out-retrenchment-exercise-affecting-9000,Not a specific layoff event or duplicate,rumored
"Ntuc, Employers Split On",2026-03-16,,,Other,https://www.businesstimes.com.sg/companies-markets/ntuc-employers-split-retrenchment-notice-lead-time-workers-say-timely-support-matters-more,Commentary / statistics / policy — not a specific layoff event,rumored
Advance,2026-03-03,,,Other,https://www.channelnewsasia.com/singapore/advance-retrenchment-notice-jobseeker-support-salary-cap-employment-act-5966276,Commentary / statistics / policy — not a specific layoff event,rumored
Early Layoff Notices May Speed Up Job,2026-03-04,,,Other,https://sbr.com.sg/news/early-layoff-notices-may-speed-job-cuts-skip-negotiations-tan-see-leng,Commentary / statistics / policy — not a specific layoff event,rumored
‘,2026-05-13,,,Other,https://theindependent.sg/retrenchment-hits-the-most-expensive-dispensable-person-henrys-discuss-frugal-living-and-lifestyle-downsizing-amid-job-cuts/,Commentary / statistics / policy — not a specific layoff event,rumored
Why,2026-02-04,,,Other,https://www.channelnewsasia.com/shorts/why-retrenchment-benefits-arent-mandatory-in-singapore-5906466,Commentary / statistics / policy — not a specific layoff event,rumored
Sia,2026-05-15,,,Other,https://www.asiaone.com/singapore/singapore-airlines-sia-cuts-staff-bonus-fy2026,Commentary / statistics / policy — not a specific layoff event,rumored
Regional Offices Across Asia Could See Bulk Of Job,2025-12-17,,,Other,https://www.straitstimes.com/opinion/regional-offices-across-asia-could-see-bulk-of-job-cuts-as-mncs-adopt-ai,Commentary / statistics / policy — not a specific layoff event,rumored
"As Ai Reshapes Jobs In Singapore, Workers And Firms Face Uneven Change - Cna",2026-01-19,,,Other,https://www.channelnewsasia.com/singapore/jobs-workers-ai-artificial-intelligence-reshape-productivity-uneven-change-5867951,Commentary / statistics / policy — not a specific layoff event,rumored
"Retrenched Tech Workers In Singapore Face Long, Stressful Job Search With Little Results - Cna",2023-03-10,,,Other,https://www.channelnewsasia.com/singapore/retrenchment-tech-layoffs-no-jobs-search-long-stressful-workers-3335986,Commentary / statistics / policy — not a specific layoff event,rumored
More,2022-11-28,,,Other,https://www.channelnewsasia.com/singapore/tech-sector-companies-retrench-layoff-local-workers-3105126,Commentary / statistics / policy — not a specific layoff event,rumored
Tech,2022-11-11,,,Other,https://www.straitstimes.com/singapore/tech-sackings-it-community-bands-together-to-help-fired-workers-find-new-roles,Commentary / statistics / policy — not a specific layoff event,rumored
Microsoft,2025-05-14,,,Other,https://www.straitstimes.com/business/companies-markets/microsoft-cutting-6000-employees-in-second-biggest-layoffs-ever,Not a specific layoff event or duplicate,rumored
Layoffs And Job,2024-12-30,,,Other,https://www.businesstimes.com.sg/companies-markets/layoffs-and-job-cuts-singapore-2024,Commentary / statistics / policy — not a specific layoff event,rumored
"Ntuc Aims To Step Up Support For Pmes Amid Layoffs, Tech Advancements - The Straits Times",2024-04-25,,,Other,https://www.straitstimes.com/business/ntuc-aims-to-step-up-support-for-pmes-amid-layoffs-tech-advancements,Commentary / statistics / policy — not a specific layoff event,rumored
Ntuc Offers Support For,2024-01-17,,,Other,https://www.businesstimes.com.sg/startups-tech/startups/ntuc-offers-support-retrenched-google-staff,Commentary / statistics / policy — not a specific layoff event,rumored
How Singapore Tech Layoffs Are Impacting Indians - Mint,2022-11-14,,,Other,https://www.livemint.com/industry/human-resource/how-singapore-tech-layoffs-are-impacting-indians-11668391786466.html,Commentary / statistics / policy — not a specific layoff event,rumored
‘layoffs On Everyone’s Minds’: Some Singapore Tech Workers Fear Fallout After More Job,2023-03-16,,,Other,https://www.malaymail.com/news/singapore/2023/03/16/layoffs-on-everyones-minds-some-singapore-tech-workers-fear-fallout-after-more-job-cuts-at-meta/59848,Commentary / statistics / policy — not a specific layoff event,rumored
Indonesia’s Goto,2022-11-18,,,Other,https://www.straitstimes.com/business/indonesia-s-goto-cuts-1300-workers-or-12-of-total-employees,Non-Singapore event,rumored
"Ntuc, Employers Split On",2026-03-16,,,Other,https://www.asiaone.com/singapore/ntuc-employers-split-retrenchment-notice-lead-time-workers-say-timely-support-matters,Commentary / statistics / policy — not a specific layoff event,rumored
How Singapore Tech Layoffs Are Impacting Indians - Ethrworld.com,2022-11-14,,,Other,https://hr.economictimes.indiatimes.com/news/industry/how-singapore-tech-layoffs-are-impacting-indians/95498797,Commentary / statistics / policy — not a specific layoff event,rumored
H&m Singapore Reportedly Hit By Layoffs As Sea Hq Moves To Malaysia - Marketing-interactive,2026-05-18,,,Other,https://www.marketing-interactive.com/h-m-singapore-reportedly-hit-by-layoffs-as-sea-hq-moves-to-malaysia,[gn:h m singapore reportedly hit by],rumored
"Singapore Says Ai Must Create “good Jobs,” Not Mass Layoffs - People Matters Global",2026-05-07,,,Other,https://sea.peoplemattersglobal.com/news/ai-and-emerging-tech/singapore-says-ai-must-create-good-jobs-not-mass-layoffs-49613,[gn:singapore says ai must create good],rumored
Layoffs At Propertylimbrothers Expose Key-man Risk - The Edge,2026-04-17,,,Other,https://www.theedgesingapore.com/views/frankly-speaking/layoffs-propertylimbrothers-expose-key-man-risk,[gn:layoffs at propertylimbrothers expose key man],rumored
"Us Jobless Claims Up Slightly To 214,000 As Layoffs Stay Limited - The Edge",2026-04-23,,,Other,https://www.theedgesingapore.com/news/us-economy/us-jobless-claims-slightly-214000-layoffs-stay-limited,[gn:us jobless claims up slightly to],rumored
Nestlé Begins South Africa Layoffs As Part Of Global Overhaul — Bloomberg - The Edge,2026-02-27,,,Other,https://www.theedgesingapore.com/news/restructuring/nestl-begins-south-africa-layoffs-part-global-overhaul--bloomberg,[gn:nestl begins south africa layoffs as],rumored
"After The Massive Layoff, Oracle’s Severance Policy For India Is Now In Question - The Independent Singapore News",2026-04-03,,,Other,https://theindependent.sg/after-the-massive-layoff-oracle-s-severance-policy-for-india-is-now-in-question/,[gn:after the massive layoff oracle s],rumored
Not Mandating,2026-02-04,,,Other,https://www.channelnewsasia.com/singapore/retrenchment-benefit-not-mandatory-required-business-flexibility-protect-worker-mom-5906556,[gn:not mandating retrenchment benefits provides business],rumored
Just Got,2025-09-20,,,Other,https://mothership.sg/2025/09/just-got-retrenched-in-spore-heres-a-guide-on-what-you-can-do/,[gn:just got retrenched in s pore],rumored
Retrenchment In The Spotlight: Lessons For Singapore Employers From Jetstar Case And Beyond - Hcamag.com,2025-09-16,,,Other,https://www.hcamag.com/asia/specialisation/employee-engagement/retrenchment-in-the-spotlight-lessons-for-singapore-employers-from-jetstar-case-and-beyond/549732,[gn:retrenchment in the spotlight lessons for],rumored
Cna Explains: Are Agoda's Severance Clauses That Bar Contact With Authorities Legally Enforceable? - Cna,2025-09-19,,,Other,https://www.channelnewsasia.com/singapore/agoda-mom-ntuc-retrenchment-benefits-severance-agreement-whistleblowing-5358111,[gn:cna explains are agoda s severance],rumored
"Kenneth Tiong Calls For Universal Ai Access, Strategic Ai Firm Recognition & Stronger",2026-05-07,,,Other,https://theonlinecitizen.com/2026/05/07/kenneth-tiong-calls-for-universal-ai-access-strategic-ai-firm-recognition-and-stronger-retrenchment-protections,[gn:kenneth tiong calls for universal ai],rumored
Agoda Saga: Companies Should Not Stop,2025-09-19,,,Other,https://www.businesstimes.com.sg/companies-markets/agoda-saga-companies-should-not-stop-retrenched-employees-getting-union-help-says-mom,[gn:agoda saga companies should not stop],rumored
Leong Mun Wai Renews Call For Statutory,2025-09-18,,,Other,https://www.theonlinecitizen.com/2025/09/18/leong-mun-wai-renews-call-for-statutory-retrenchment-benefits-after-controversy-over-agoda-clauses/,[gn:leong mun wai renews call for],rumored
Agoda’s Bid To Silence Axed Staff Sets Social Media On Fire – But What Does The Law Say? - The Business Times,2025-09-22,,,Other,https://www.businesstimes.com.sg/international/global/agodas-bid-silence-axed-staff-sets-social-media-fire-what-does-law-say,[gn:agoda s bid to silence axed],rumored
H&m,2026-05-16,,,Other,https://e.vnexpress.net/news/business/companies/h-m-cuts-jobs-in-singapore-as-southeast-asia-headquarters-moves-to-malaysia-5074640.html,[gn:h m cuts jobs in singapore] | POTENTIAL DUPLICATE - verify manually,rumored
“don’t Abandon Workers”: Singapore Pm Calls For Jobs-first Approach Amid Crises - People Matters Global,2026-05-14,,,Other,https://sea.peoplemattersglobal.com/news/employee-skilling/dont-abandon-workers-singapore-pm-calls-for-jobs-first-approach-amid-crises-49737,[gn:don t abandon workers singapore pm],rumored
"Mti Data Reveals Nearly 20,000 Job Losses Across Key Singapore Sectors In 2025 - People Matters Global",2025-11-23,,,Other,https://sea.peoplemattersglobal.com/article/workforce-planning/mti-data-reveals-nearly-20000-job-losses-across-key-singapore-sectors-in-2025-47372,[gn:mti data reveals nearly 20 000],rumored
"S'pore Banks Dbs, Ocbc & Uob",2026-04-24,,,Other,https://mothership.sg/2026/04/dbs-ocbc-uob-job-cuts/,[gn:s pore banks dbs ocbc uob],rumored
Amazon To,2026-05-07,,,Other,https://sea.peoplemattersglobal.com/news/business/amazon-to-cut-singapore-fulfillment-roles-as-it-shifts-focus-to-international-shipments-49631,[gn:amazon to cut singapore fulfillment roles],rumored
Amazon,2026-05-08,,,Other,https://theindependent.sg/amazon-singapore-cuts-jobs-phases-out-local-fulfilment-operations/,[gn:amazon singapore cuts jobs phases out] | POTENTIAL DUPLICATE - verify manually,rumored
‘are We All One Meeting Away From Getting Fired?’ — Singaporean Asks After Seeing ‘so Many People Get,2026-04-24,,,Other,https://theindependent.sg/are-we-all-one-meeting-away-from-getting-fired-singaporean-asks-after-seeing-so-many-people-get-cut-no-matter-how-experienced-or-valuable-you-are/,[gn:are we all one meeting away],rumored
Kpmg Uk Could,2026-03-27,,,Other,https://sg.finance.yahoo.com/news/kpmg-uk-could-cut-hundreds-192106655.html,[gn:kpmg uk could cut hundreds of],rumored
Singapore-based Crypto.com,2026-03-19,,,Other,https://www.businesstimes.com.sg/wealth/crypto-alternative-assets/singapore-based-crypto-com-lays-12-staff-third-cut-four-years,[gn:singapore based crypto com lays off],rumored
Singapore Hiring Momentum Accelerates In Q3 As Job Gains More Than Double - People Matters Global,2025-11-03,,,Other,https://sea.peoplemattersglobal.com/news/workforce-planning/singapore-hiring-momentum-accelerates-in-q3-as-job-gains-more-than-double-47052,[gn:singapore hiring momentum accelerates in q3],rumored
Ninja Van Slashes 12% Of Singapore Staff In Latest Round Of Layoffs - People Matters Global,2025-08-18,,,Other,https://sea.peoplemattersglobal.com/news/business/ninja-van-slashes-12-of-singapore-staff-in-latest-round-of-layoffs-46496,[gn:ninja van slashes 12 of singapore],rumored
Meta Layoffs: The Ripple Effects On Employees In Singapore - People Matters Global,2025-02-17,,,Other,https://sea.peoplemattersglobal.com/news/business/meta-layoffs-the-ripple-effects-on-employees-in-singapore-44405,[gn:meta layoffs the ripple effects on],rumored
Fuku Ai Responds To Tech Layoffs In Singapore With Scalable Ai Recruitment Platform - Pr Newswire,2025-07-28,,,Other,https://www.prnewswire.com/apac/news-releases/fuku-ai-responds-to-tech-layoffs-in-singapore-with-scalable-ai-recruitment-platform-302514739.html,[gn:fuku ai responds to tech layoffs],rumored
Ninja Van Slashes More Tech Roles In Second Round Of Layoffs - The Business Times,2024-07-01,,,Other,https://www.businesstimes.com.sg/startups-tech/startups/ninja-van-slashes-more-tech-roles-second-round-layoffs,[gn:ninja van slashes more tech roles],rumored
"Ntuc, Employers Split On",2026-03-16,,,Other,https://www.businesstimes.com.sg/companies-markets/ntuc-employers-split-retrenchment-notice-lead-time-workers-say-timely-support-matters-more,Commentary / statistics / policy — not a specific layoff event,rumored
Advance,2026-03-03,,,Other,https://www.channelnewsasia.com/singapore/advance-retrenchment-notice-jobseeker-support-salary-cap-employment-act-5966276,Commentary / statistics / policy — not a specific layoff event,rumored
Early Layoff Notices May Speed Up Job,2026-03-04,,,Other,https://sbr.com.sg/news/early-layoff-notices-may-speed-job-cuts-skip-negotiations-tan-see-leng,Commentary / statistics / policy — not a specific layoff event,rumored
‘,2026-05-13,,,Other,https://theindependent.sg/retrenchment-hits-the-most-expensive-dispensable-person-henrys-discuss-frugal-living-and-lifestyle-downsizing-amid-job-cuts/,Commentary / statistics / policy — not a specific layoff event,rumored
Why,2026-02-04,,,Other,https://www.channelnewsasia.com/shorts/why-retrenchment-benefits-arent-mandatory-in-singapore-5906466,Commentary / statistics / policy — not a specific layoff event,rumored
Sia,2026-05-15,,,Other,https://www.asiaone.com/singapore/singapore-airlines-sia-cuts-staff-bonus-fy2026,Commentary / statistics / policy — not a specific layoff event,rumored
Regional Offices Across Asia Could See Bulk Of Job,2025-12-17,,,Other,https://www.straitstimes.com/opinion/regional-offices-across-asia-could-see-bulk-of-job-cuts-as-mncs-adopt-ai,Commentary / statistics / policy — not a specific layoff event,rumored
"As Ai Reshapes Jobs In Singapore, Workers And Firms Face Uneven Change - Cna",2026-01-19,,,Other,https://www.channelnewsasia.com/singapore/jobs-workers-ai-artificial-intelligence-reshape-productivity-uneven-change-5867951,Commentary / statistics / policy — not a specific layoff event,rumored
"Retrenched Tech Workers In Singapore Face Long, Stressful Job Search With Little Results - Cna",2023-03-10,,,Other,https://www.channelnewsasia.com/singapore/retrenchment-tech-layoffs-no-jobs-search-long-stressful-workers-3335986,Commentary / statistics / policy — not a specific layoff event,rumored
More,2022-11-28,,,Other,https://www.channelnewsasia.com/singapore/tech-sector-companies-retrench-layoff-local-workers-3105126,Commentary / statistics / policy — not a specific layoff event,rumored
Tech,2022-11-11,,,Other,https://www.straitstimes.com/singapore/tech-sackings-it-community-bands-together-to-help-fired-workers-find-new-roles,Commentary / statistics / policy — not a specific layoff event,rumored
Microsoft,2025-05-14,,,Other,https://www.straitstimes.com/business/companies-markets/microsoft-cutting-6000-employees-in-second-biggest-layoffs-ever,Not a specific layoff event or duplicate,rumored
Layoffs And Job,2024-12-30,,,Other,https://www.businesstimes.com.sg/companies-markets/layoffs-and-job-cuts-singapore-2024,Commentary / statistics / policy — not a specific layoff event,rumored
"Ntuc Aims To Step Up Support For Pmes Amid Layoffs, Tech Advancements - The Straits Times",2024-04-25,,,Other,https://www.straitstimes.com/business/ntuc-aims-to-step-up-support-for-pmes-amid-layoffs-tech-advancements,Commentary / statistics / policy — not a specific layoff event,rumored
Ntuc Offers Support For,2024-01-17,,,Other,https://www.businesstimes.com.sg/startups-tech/startups/ntuc-offers-support-retrenched-google-staff,Commentary / statistics / policy — not a specific layoff event,rumored
How Singapore Tech Layoffs Are Impacting Indians - Mint,2022-11-14,,,Other,https://www.livemint.com/industry/human-resource/how-singapore-tech-layoffs-are-impacting-indians-11668391786466.html,Commentary / statistics / policy — not a specific layoff event,rumored
‘layoffs On Everyone’s Minds’: Some Singapore Tech Workers Fear Fallout After More Job,2023-03-16,,,Other,https://www.malaymail.com/news/singapore/2023/03/16/layoffs-on-everyones-minds-some-singapore-tech-workers-fear-fallout-after-more-job-cuts-at-meta/59848,Commentary / statistics / policy — not a specific layoff event,rumored
Indonesia’s Goto,2022-11-18,,,Other,https://www.straitstimes.com/business/indonesia-s-goto-cuts-1300-workers-or-12-of-total-employees,Non-Singapore event,rumored
"Ntuc, Employers Split On",2026-03-16,,,Other,https://www.asiaone.com/singapore/ntuc-employers-split-retrenchment-notice-lead-time-workers-say-timely-support-matters,Commentary / statistics / policy — not a specific layoff event,rumored
How Singapore Tech Layoffs Are Impacting Indians - Ethrworld.com,2022-11-14,,,Other,https://hr.economictimes.indiatimes.com/news/industry/how-singapore-tech-layoffs-are-impacting-indians/95498797,Commentary / statistics / policy — not a specific layoff event,rumored
H&m Singapore Reportedly Hit By Layoffs As Sea Hq Moves To Malaysia - Marketing-interactive,2026-05-18,,,Other,https://www.marketing-interactive.com/h-m-singapore-reportedly-hit-by-layoffs-as-sea-hq-moves-to-malaysia,[gn:h m singapore reportedly hit by],rumored
"Singapore Says Ai Must Create “good Jobs,” Not Mass Layoffs - People Matters Global",2026-05-07,,,Other,https://sea.peoplemattersglobal.com/news/ai-and-emerging-tech/singapore-says-ai-must-create-good-jobs-not-mass-layoffs-49613,[gn:singapore says ai must create good],rumored
"Us Jobless Claims Up Slightly To 214,000 As Layoffs Stay Limited - The Edge",2026-04-23,,,Other,https://www.theedgesingapore.com/news/us-economy/us-jobless-claims-slightly-214000-layoffs-stay-limited,[gn:us jobless claims up slightly to],rumored
Not Mandating,2026-02-04,,,Other,https://www.channelnewsasia.com/singapore/retrenchment-benefit-not-mandatory-required-business-flexibility-protect-worker-mom-5906556,[gn:not mandating retrenchment benefits provides business],rumored
Just Got,2025-09-20,,,Other,https://mothership.sg/2025/09/just-got-retrenched-in-spore-heres-a-guide-on-what-you-can-do/,[gn:just got retrenched in s pore],rumored
Retrenchment In The Spotlight: Lessons For Singapore Employers From Jetstar Case And Beyond - Hcamag.com,2025-09-16,,,Other,https://www.hcamag.com/asia/specialisation/employee-engagement/retrenchment-in-the-spotlight-lessons-for-singapore-employers-from-jetstar-case-and-beyond/549732,[gn:retrenchment in the spotlight lessons for],rumored
Layoff Tracker: Takeda,2026-05-15,,,Other,https://www.biospace.com/biospace-layoff-tracker,[gn:layoff tracker takeda cuts 4 500],rumored
Cna Explains: Are Agoda's Severance Clauses That Bar Contact With Authorities Legally Enforceable? - Cna,2025-09-19,,,Other,https://www.channelnewsasia.com/singapore/agoda-mom-ntuc-retrenchment-benefits-severance-agreement-whistleblowing-5358111,[gn:cna explains are agoda s severance],rumored
Agoda Saga: Companies Should Not Stop,2025-09-19,,,Other,https://www.businesstimes.com.sg/companies-markets/agoda-saga-companies-should-not-stop-retrenched-employees-getting-union-help-says-mom,[gn:agoda saga companies should not stop],rumored
Leong Mun Wai Renews Call For Statutory,2025-09-18,,,Other,https://www.theonlinecitizen.com/2025/09/18/leong-mun-wai-renews-call-for-statutory-retrenchment-benefits-after-controversy-over-agoda-clauses/,[gn:leong mun wai renews call for],rumored
H&m,2026-05-16,,,Other,https://e.vnexpress.net/news/business/companies/h-m-cuts-jobs-in-singapore-as-southeast-asia-headquarters-moves-to-malaysia-5074640.html,[gn:h m cuts jobs in singapore] | POTENTIAL DUPLICATE - verify manually,rumored
“don’t Abandon Workers”: Singapore Pm Calls For Jobs-first Approach Amid Crises - People Matters Global,2026-05-14,,,Other,https://sea.peoplemattersglobal.com/news/employee-skilling/dont-abandon-workers-singapore-pm-calls-for-jobs-first-approach-amid-crises-49737,[gn:don t abandon workers singapore pm],rumored
"Mti Data Reveals Nearly 20,000 Job Losses Across Key Singapore Sectors In 2025 - People Matters Global",2025-11-23,,,Other,https://sea.peoplemattersglobal.com/article/workforce-planning/mti-data-reveals-nearly-20000-job-losses-across-key-singapore-sectors-in-2025-47372,[gn:mti data reveals nearly 20 000],rumored
"S'pore Banks Dbs, Ocbc & Uob",2026-04-24,,,Other,https://mothership.sg/2026/04/dbs-ocbc-uob-job-cuts/,[gn:s pore banks dbs ocbc uob],rumored
Amazon To,2026-05-07,,,Other,https://sea.peoplemattersglobal.com/news/business/amazon-to-cut-singapore-fulfillment-roles-as-it-shifts-focus-to-international-shipments-49631,[gn:amazon to cut singapore fulfillment roles],rumored
Amazon,2026-05-08,,,Other,https://theindependent.sg/amazon-singapore-cuts-jobs-phases-out-local-fulfilment-operations/,[gn:amazon singapore cuts jobs phases out] | POTENTIAL DUPLICATE - verify manually,rumored
‘are We All One Meeting Away From Getting Fired?’ — Singaporean Asks After Seeing ‘so Many People Get,2026-04-24,,,Other,https://theindependent.sg/are-we-all-one-meeting-away-from-getting-fired-singaporean-asks-after-seeing-so-many-people-get-cut-no-matter-how-experienced-or-valuable-you-are/,[gn:are we all one meeting away],rumored
Kpmg Uk Could,2026-03-27,,,Other,https://sg.finance.yahoo.com/news/kpmg-uk-could-cut-hundreds-192106655.html,[gn:kpmg uk could cut hundreds of],rumored
Singapore-based Crypto.com,2026-03-19,,,Other,https://www.businesstimes.com.sg/wealth/crypto-alternative-assets/singapore-based-crypto-com-lays-12-staff-third-cut-four-years,[gn:singapore based crypto com lays off],rumored
Ninja Van Slashes 12% Of Singapore Staff In Latest Round Of Layoffs - People Matters Global,2025-08-18,,,Other,https://sea.peoplemattersglobal.com/news/business/ninja-van-slashes-12-of-singapore-staff-in-latest-round-of-layoffs-46496,[gn:ninja van slashes 12 of singapore],rumored
Meta Layoffs: The Ripple Effects On Employees In Singapore - People Matters Global,2025-02-17,,,Other,https://sea.peoplemattersglobal.com/news/business/meta-layoffs-the-ripple-effects-on-employees-in-singapore-44405,[gn:meta layoffs the ripple effects on],rumored
"Commentary: Think Career Resilience, Not Job Security, Amid Season Of Layoffs - Cna",2024-03-30,,,Other,https://www.channelnewsasia.com/commentary/layoffs-retrenchment-protect-job-security-upskilling-performance-review-4226436,[gn:commentary think career resilience not job],rumored
Ninja Van Slashes More Tech Roles In Second Round Of Layoffs - The Business Times,2024-07-01,,,Other,https://www.businesstimes.com.sg/startups-tech/startups/ninja-van-slashes-more-tech-roles-second-round-layoffs,[gn:ninja van slashes more tech roles],rumored
Agoda Says,2025-09-18,,,Other,https://mothership.sg/2025/09/agoda-layoffs-authorities/,[gn:agoda says retrenched employees free to],rumored
Citigroup To,2026-01-23,,,Other,https://www.straitstimes.com/business/citigroup-to-lay-off-more-employees-in-march-sources,[gn:citigroup to lay off more employees],rumored
Agoda Axes 50 S’pore Staff; Mom Looking Into Claims Of Workers Being Told Not To Contact Authorities - The Straits Times,2025-09-17,,,Other,https://www.straitstimes.com/business/agoda-axes-50-employees-in-singapore-as-part-of-larger-retrenchment-exercise-bt,[gn:agoda axes 50 s pore staff],rumored
Amazon Plans Thousands More Corporate Job,2026-01-22,,,Other,https://www.straitstimes.com/business/companies-markets/amazon-plans-thousands-more-corporate-job-cuts-next-week-sources-say,[gn:amazon plans thousands more corporate job],rumored
Danske Bank,2026-02-27,,,Other,https://www.businesstimes.com.sg/companies-markets/banking-finance/danske-bank-cuts-hundreds-jobs-add-danish-layoff-wave,[gn:danske bank cuts hundreds of jobs],rumored
Fuku Ai Responds To Tech Layoffs In Singapore With Scalable Ai Recruitment Platform - Pr Newswire,2025-07-28,,,Other,https://www.prnewswire.com/apac/news-releases/fuku-ai-responds-to-tech-layoffs-in-singapore-with-scalable-ai-recruitment-platform-302514739.html,[gn:fuku ai responds to tech layoffs],rumored
"Meta Begins 8,000 Global Job",2026-05-20,8000,,Other,https://news.google.com/rss/articles/CBMixgFBVV95cUxOY0k0OHhYRDJtdW9nQlg4WlpvX1VhVng5RF83UEFhN2dVcmRSSmd3SVE1X3FsUWJ3SUZ5aW5kamc1RUR6eEJORTJlbHlIcF9mRUd6bjFxWGw5QlhzNE9NY05GZmpIWng0SmtkOThCTjhMS3c0WXVrSWJLMW54akVSUkhYaWpZR3dmVGFkVXBaVC1BanJXQW9hNGxVdDEtUlZWRlNYMnZvU2R4S0IwelowWlNCUXY4cmQxdFotaGFLZThSRUxZd2c?oc=5,"Duplicate — Meta May 2026 layoffs (8,000 jobs); existing entry updated to confirmed",rumored
"Singapore Staff First To Go In Meta’s 8,000 Global Job",2026-05-20,,,Other,https://news.google.com/rss/articles/CBMivAFBVV95cUxPUXBsbV9hX1dfZGZaSGxFVFN4aDhHRkxHQllnbEtEOFY3Wm81dGNJcXNUcm5MYTlZTDhva29ERnp2ME9ybGJSXzJtQXd3TFRna0R4Y2xSZGMzbHNvVlRhY0MzX1ZsWEh3T1gzUXdORy1PcGhlSHppVTk1a1hSdm4tWW5faEQwaXBCVElhNGZKcGhKaFpKaW1hU0pvcVA5UnNXYzFQY3VBLXVWVU5hSmFPQ040ZU1wQUlhLXBRVA?oc=5,"Duplicate — Meta May 2026 layoffs (8,000 jobs); existing entry updated to confirmed",rumored
Meta Begins Job,2026-05-20,,,Other,https://news.google.com/rss/articles/CBMiqwFBVV95cUxOeENoYUR6TE04QWdzWXY0NE5WY2ZqcXA1OFVPaWVzRGZIVzBPejRwWXRGcHNxMzR1d0lrLW5rTFIxQkl2Nnk2SUF4cC1qM2ZXMGxLVkdQUjhvUFRZMy0wb2NhMVJBdGxodzRWdTdwS0sxbnF5T3hmenVnQ1htT0Fub0ZnbTU0cEpDdkVzb3VHZ1Y5ZFpvS1FCV2R1aDVGX04xZVBkT1cxUURFekU?oc=5,"Duplicate — Meta May 2026 layoffs (8,000 jobs); existing entry updated to confirmed",rumored
Gardenia,2026-05-20,,,Other,https://news.google.com/rss/articles/CBMiswFBVV95cUxNNmtMYk9YaVRVWG1vOWtqVmFZcG5kb0ZMaEtOeFFZNUxvUUtXemh5N1JrOEdPNDFpSkJWYUZOclVhN2loWnBZbFBBV2ZhTkhvLWhiRTRDd1RncFo0OXJ1cmFyTmR4cUhiUE41TGFtUXRES01PTjRzSE15VEVmMDQ3WkdjTklqMWZvM3p0U0hUQ2x3NnNsR1dRYnQxZFZqVXl2V1hyYlBGMnAwUVJPN0U4ZnlWTQ?oc=5,Duplicate — Gardenia 141 staff retrenched; added to layoffs.csv,rumored
"Meta Begins 8,000 Job",2026-05-20,8000,,Other,https://news.google.com/rss/articles/CBMiZkFVX3lxTE9sc3hnWl9LZF9IUVBVOUlSQWZfUG1DRFF5Z0JkenVVSWtocmh1WFByNkFabkVJSHpydU9tWjd4cVlQU1drYTdKWGJCTnl5VVVJclAwYnl0VmFtQ0F2YjMyRDMtOUpJdw?oc=5,"Duplicate — Meta May 2026 layoffs (8,000 jobs); existing entry updated to confirmed",rumored
Meta Begins 8k Global Job,2026-05-20,,,Other,https://news.google.com/rss/articles/CBMitwFBVV95cUxPVjRsYnozT0RNZVpCWC1PWTR3NXp6N3hwYklWdy1fWUtZS3ZQZnhIbVRCb05ud2t0U0NsNDVvR0Qtc0tSWnIyRlJBNzVkMjJTSTJCZV9sSGc3YVFLUFVMVnFlMWRrdlpsX3poajFNR2NBVmlMMTNfQ21KTkNfWnR5MVFYekM2MGc1NEdpVnh0YktkbUt0MXJDRWQ5eU9CNkd0TnlqRll6R1dhOHJ5T3R2dmVKTEFtTnM?oc=5,"Duplicate — Meta May 2026 layoffs (8,000 jobs); existing entry updated to confirmed",rumored
Halimah Yacob Slams Stanchart Ceo Over “lower-value Human Capital” Remarks Amid Ai Job,2026-05-20,,,Other,https://news.google.com/rss/articles/CBMiygFBVV95cUxQQWpJRldGY3lkVTBxM1pZeGhlc2dOSlFyMG0ta0NoNXczeWQzVVlqeTdiVUtjekszWVhNSUE4UVFPUlJ0QXdwb1VCMmhyMThuVF8zUXZUakNFbWxCZklPaHhweGU2NzFNRDRvQWRRcm5sU3NvNGIzRmRCOE1UdzdDcTd2OGJDWXVQNEdIbzRrQjQxN0VDeWN1ZmltcTdWUzNpN0Y3V2Q2aWliZ0JrQVhlVV9jTFoyQ1RFWkthS3IyNF9MZ3RWZERKVUln?oc=5,Not a layoff event — opinion/editorial on StanChart CEO remarks,rumored
"Meta Notifies Singapore Staff In Global 8,000-role Layoffs - Tech In Asia",2026-05-20,,,Other,https://news.google.com/rss/articles/CBMimgFBVV95cUxOeUVrOFZwLXplaER2WkM2X3pzSEZQeXJISjNQY2REVnppRC1YUThGaFdaSm9IXy1WSXJQYTl3UWFhSnlZTHBUbVE4a0Y0NkgxblBSelU3X2RqcDEyWUhpaERIMFZjOFFFQUtTdG9yVFg3UGxRVFplR1Y0blFFWEttdjBVWExyRWJLSTUyTUtCT3VKTmtsN0tJa3hR?oc=5,"Duplicate — Meta May 2026 layoffs (8,000 jobs); existing entry updated to confirmed",rumored
H&m Announces Staff Layoffs In Singapore - Marketech Apac,2026-05-19,,,Other,https://news.google.com/rss/articles/CBMidkFVX3lxTE1qRkQ1RlZEakZfVURpVEhZcmVRQndRTkFqRmp3eVhSQ0ZraGduU1BzUEhhSUVzczFXU3EySEViX05oQnFiY1BkYVZGb29oN2pQcWxMNmt5NmhhUDFzN3hoaTdoYUZjRm4yVlFfa1FVR2p6d2R0c1E?oc=5,Duplicate of existing H&M entry (2026-05-13),rumored
"Meta Layoffs Roll Out: 8,000 Jobs Hit, Singapore Staff First To Hear - Outlookbusiness.com",2026-05-20,,,Other,https://news.google.com/rss/articles/CBMiqwFBVV95cUxOUlc5M2pPRkVRNlZsYXVuOEdLRmxmU1dHSUk0a0dSMllhSjlYNlZYR2t1V1k2Z25lbDRtY2F6OWhVSV9tX3JDRGpsd2xBY0JDSFBkOTJXaXhJTGs2MWUxYU9qN3htdTB1NEc2RzZWNm51ZmI1a2lpaTNvSThWSHhKN1NpeUdhWHY5N1VmelNvekF2SnNpX3oxSlZHS2MwWUNwVmtsTU03TFFwX1XSAbgBQVVfeXFMT2JEYlJ3Rjg3cjJsbTMwN0ZVbVhYamprai02SVFpQk9ESW1iN1BDUUdlSDJBOHg2VURvSXdhMXFKeEFhekNDbjAza2ZZVEJWLVNUOXVxUEFNU3Y0MXRVLV96bGJCbW1LeHVzdGw5Z2pQNWZaMHNvd1BxX2dZenA3cGdnam5pclQ4eWdoYXNWZFRNR2VUc3lWT1JfUWxaOGdIMmVpY3BuRXdFMml5dEMzTENlLUNjWERNQQ?oc=5,"Duplicate — Meta May 2026 layoffs (8,000 jobs); existing entry updated to confirmed",rumored
141 Employees,2026-05-20,,,Other,https://news.google.com/rss/articles/CBMimAFBVV95cUxOWllrMmFnNEw5MzA2RU1RMkdHS0RWdThzMldjbzgyczVyek1lb0t1TlY4Tmw3eENJZHdPLUJyMFJvdXppMmdZaTVJa2RUa0hXOEtkUVg1bG1aLU0zT1BTbnhySktoYWlMQmRFY2Z3bjB0Uk51VGdxVTBoTHdIMDhJZnZjdXNuTzN1cHMxX2VtQ2M1SURiNVJoTQ?oc=5,Duplicate — Gardenia 141 staff retrenched; added to layoffs.csv,rumored
"Meta Moves 7,000 Workers Into Ai Roles Ahead Of Job",2026-05-18,,,Other,https://news.google.com/rss/articles/CBMipwFBVV95cUxQcmRzT0hIZXlUalFwV2taX1JCOTN5cFN6R1JtcmtsMVg4anRodk9OUVc2U0x6aUNjaUExdUw3TlU0T3VOQXlQT3lLNlE5MmNyajMxdlY2Q3diZTBuclNxbG5WcFpRT0FsSk1iTVNNeldYZ0pEY3Q5YjkxaExTSHdKYWhQcEs0MGpEc3BfUGcxVlVHR2kzYjg1X1FJSkpFNTk3SDAzakpkVQ?oc=5,"Not a layoff event — internal AI role redeployment, not terminations",rumored
Singapore Resists Wave Of Banking Layoffs: Dpm Demands Ai Use For Upskilling Workers - Republic World,2026-05-20,,,Other,https://news.google.com/rss/articles/CBMi1wFBVV95cUxQZVd2ZXc5WkJWZ01nUTJ4VFBQT3Q4ZHpXbC05NkphQ2ctb3AyNEM3V0lYcnlvbFNSQXNwMHdkNkpTTGxHRlJNdXV6cVhmRDNpMlpaa00zUHA2QThvSGNSTmd6TW5faUVLcEVXTDlRbGN4eUlSam9zMVJuTjN6VjdSYlNwQkFVV1NMNkVNd0phNkRnV2JSbXl6YlU2cTh3U0sxQ3pid19Kb1B5UFBNZWxqODgzTmFSUTY5UWhma3Z3bnBCVmJ0cWpIZVh6NDljd28zT3M1eGFTZ9IB3AFBVV95cUxPd0RUOVU0NnZLZUxhS3dIcXJJNlhwTXNxVzBNTnpQdk5nZjZhZlEwbldPUmdHVjZXQlloVFEwVnI1RFdobEFhdnBWdlo2c1N6R0pkVW1mNXByYUtfd3FLTmVwb3pDcU5FMUNSam1rZl8yV0oyY0Q1eXEtWEdHMUQydzk1UU1RTWtJUGh4d2o4Y21rRG9PM0Z3eUxLWFhNTlRUQTRiaklTeXcyNnVyWHRYUWtRYVFrTUUxRk53emhpMGs0OHdBdjY2RkUtSERkc19hWGliOXIxcmdacnd6?oc=5,Not a layoff event — government policy commentary on banking layoffs,rumored
Linkedin Plans To,2026-05-13,,,Other,https://news.google.com/rss/articles/CBMizwFBVV95cUxPYmE3eWFBZF9QRjNSdmZxUjU1ZlVHek5GbTZRX29ScXQxVklPRDJ1QmkyQ2tTdDFZMnVyODNLNElZcVhxYlp0bW40bHRzYW5EeVprb1I1c3hqMzBVenVNeTItLXVCQWxLVGVnSENvcXVKN2xzb0dKdzh2RklMdWpnVEtMRm9qVEU1UkRJUUliZjRIT0JKNEtKMEJWNVE4VjhFTGJKVy0xYVQzUHRBZ2E2MzNtakpmc1JpR1p4UnBFazhvMzBCMjZfdTB2TFhuX0k?oc=5,Duplicate of existing LinkedIn entry (2026-05-13),rumored
"Standard Chartered Layoffs To Affect Over 7,000 Roles As Ai Use Expands - Fintech",2026-05-19,,,Other,https://news.google.com/rss/articles/CBMibEFVX3lxTE1zUGpscVROWTZ5S2VvQWJyUFlyLUdrRk1PZ0xhVERzbVZHNGthWm1Yakt5SUotc001NHdEenZIdlBLU21iN0hSa25MeGpZNmVmSXNCWlRwUVVtd3lFSEdjMDJkUkNEa3Bmd2lGMg?oc=5,"Duplicate — Standard Chartered (2026-05-19) 8,000 back-office cuts; added to layoffs.csv",rumored
"H&m Moves South-east Asia Hq To Malaysia, Triggers Singapore Layoffs - People Matters Global",2026-05-18,,,Other,https://news.google.com/rss/articles/CBMiyAFBVV95cUxNOVE3MmVzVnBGR01aY3l4cFNGVGYxYlFpOVpSUzZVMi1KRVFKSUNXLXM1Vmg1QlFFcmQ1R193dlZuQ0RzenMxektRY083b2N4b2tMV0xNdFBzNnBoYVIzTE5EQVJycG5yX042TTE1TXBkRnBlWmdJNy14dkowNGhQTXJYTWpfdDFONHNjaV9SZHJTZjNyNnZLWWJCSkQxS3BlWDVTbTRTTjBDd1hUREo2UWloaG5DR2EtZlE1UVR1SEl4SmMtREtZQg?oc=5,Duplicate of existing H&M entry (2026-05-13),rumored
Meta Layoffs: “4am Email” Marks Another Round Of Global Job,2026-05-20,,,Other,https://news.google.com/rss/articles/CBMi1AFBVV95cUxNSy1MVGFjYjlpNVZWRWdjdE9XMjBvclVXNTVEcEtxNEhQSjI0Zm9qRDg0UDRoa1drNkR5RTMtY0pZV3otWkF0WkJVVUppTHlqT1E3YThJeGt1djNQSURFQUloMUtXT082R2hIOWVYUjNHS1NMRlFPdnFmLVEtOTR4VUFJZkp2VTZYNUhRRzRKM1hUWUtNWnN6cXFEQm80eHFiNlFjYXVXY1djUWFtN09LbURQbVVGWUJ6aWhESkYyMGNuMWxoU3o4ZXh3dF9HYzZRMzhmNdIB2gFBVV95cUxQTi05OVRoaUsxdHZyZHhpcEFwdGFneU5aWEczdi1RbllZcGdrc1B4alZTYnRGa0RkVl92OGQwT1lmWXhYR0s1ZmI1SmpFeFJsVHJnTUxTdVdQc3JSNnJGVy1NUDFLUzZBUWI4bUFxNGF3VUZKZE9jRXktXzVJOWJicWw5dFRuY1MzdHYyQVRQUGFVLUN2YzFGNTIzUDRrNFBfSlVDTHhNWmtHNTA3MjNtYVdVemwtdWxRbnEzR3BJWlFLZ2VBUmk3dzhiNERGZ0c1MHRLZ3VpOUNVQQ?oc=5,[gn:meta layoffs 4am email marks another],rumored
Meta Layoffs: Singapore Staff Hit First As Zuckerberg,2026-05-20,,,Other,https://news.google.com/rss/articles/CBMizAFBVV95cUxPdWFYb3N5cXVNLU03aUI1c2M2LWhJaktGbXJUYnRSQzNZTFVpYURsZzV6M1JzM19XekhYS0JHU1RBZGRUQ0lyY0RDXzZtQzUyaUtCS1hiVGhacWxZdlFtbndXbDNrOXNwRVdDbXNCTExLYmlpc2xTa2hvTzZqbGZmYzhnQm9pSWtIRVNfdHV5RTB6RV9Ka05DUVZXOUxZTTVOeUxKM3JpU0t3ZUczeTloY1VBd3AybmFNRk9zMEFEbzFHMnQwNWFCVFNJM2rSAdoBQVVfeXFMT1EzckpTZml0MElrUXhXdWRPaUZfWjN1WVNuOExFTnJuQlNZbmk0ZV80LWxGeEFpeldra0tGTUo5TGY2YmlWZzFtd3RtOWpMcDZQSXhWUF9qc24zNkViMzd0M1VIYjFPSTBQYThvaUNkTUdxQVZCYTZWaVhVbXBCdDIzUF9ldXQ3WnliTHE3Nm9zUGdGWTA4eHZXVndENWQ2Nk92cUZiZUo4STRfQWh3aFlVT2lJcFJOa1k0ZkdJd0M4S1VQVWNKM2NFbUljTVZjS1B4VVQ4WWtnZXc?oc=5,"Duplicate — Meta May 2026 layoffs (8,000 jobs); existing entry updated to confirmed",rumored
Coinbase Ceo Says Layoffs Will Affect 14% Of Workforce Amid Ai Shift - Fintech,2026-05-06,,,Other,https://news.google.com/rss/articles/CBMiZEFVX3lxTE5jT2RsTmRpc2JCQTZ2ZC1JdHFKSzlfWi1wemlrZ1MyODVsdDFWekFkRVFBUVE1eWtJaFpXVV82cHRfMlBMb213dUVKVURTSzVMVGs5eENCZm1xN2hpN1ZQODhWYnI?oc=5,Duplicate of existing Coinbase entry (2026-05-06),rumored
"Meta’s 4 Am Nightmare: Singapore Hub Hit First As Zuckerberg Begins Axing 8,000 Jobs - Mathrubhumi English",2026-05-20,,,Other,https://news.google.com/rss/articles/CBMiywFBVV95cUxOMTdJSE9NUjNmdFEzWWJXdHBaUG1pQmpGSnRFNXdITU1MS0N6MkNhY0VXWUctWU80RXBkTmZUNU5qVHNDbURldUp2OE4wVlJHVjVSZmhyNUhfd3VNMnkyUEFlUmMwdGtSMll0dGFkZEdKeEJ1TlNONkZlczdaYm1lcVZieUNIVW0yS0xqZEV6X21aY1ZhMERIVWZ0N3hWRzEtcEFybldvTkVoN3A2Tk41blZXQ05UaE1iNWs2UURXMnJHOVZ0bC1sc2RaZ9IB0AFBVV95cUxNR2lPZ21CSW13cERkV3hVdWduanpFd3lLZnBvLXRvRUFzZjZxWi1WcjhaSVotcmFPeEF1TXR2cjQteGNBR1JOYVhTRlc0ZVlzYXRpTlBBcHF4Qno0NUdtMEZBNHVSV19wWFNBRV9xSHFqLVplQUdrc2NMRDlERU5vNTZrOEZscHJ0MDRHNjdON2MyMUlwQjByc3A5Y05IWDhWMTVhTnpUaU5PRWFUQWFGT08ybWszUG9hU2kwMDloWEJUNkVraWpsQ2hSMC1QSGRR?oc=5,[gn:meta s 4 am nightmare singapore],rumored
"Amid Surging Ai Investments, Labor Costs Take The Hit! Meta (meta.us) Officially Launches Global Layoffs, With Singapore First In Line For",2026-05-20,,,Other,https://news.google.com/rss/articles/CBMinwFBVV95cUxQLXdVWVg3bmtUSDFJN2JHeThHR2hZYUcyaFVQNGFaaEoyYV9GYjU3anRNbDZHWklrUWFPT1YxQy1JQmhnZjF5LVU3MU1FcV9xeF8yUmtYbF9jN01XX0FKTFBfbUZFZzJ3c0JudG1mMmhlMERla0hwNTlfMTdNSzNvVTZmb05zVlM2WERzT1hwUDN4VTR3SzlUTFMzd0pyTU0?oc=5,"Duplicate — Meta May 2026 layoffs (8,000 jobs); existing entry updated to confirmed",rumored
"Meta Begins Laying Off 8,000 Employees Amid A.i. Transformation - The New York Times",2026-05-19,,,Other,https://news.google.com/rss/articles/CBMidEFVX3lxTE01dlE0eEFid2dCTjlQbDBaVFV4dHpmbnNYdEFJd2RCUlhNWmx4V0NBSEpoWlZRaXlPQ3B0WmxEOGpIMlJiNzU3c2ZNdGRfYnk2Z3hLbTNLWlFNeWZ1ZGI2NTItajYxR0NUdnQ5Nk9kUEhvMjFa?oc=5,"Duplicate — Meta May 2026 layoffs (8,000 jobs); existing entry updated to confirmed",rumored
"Meta Layoffs Begin, Employees Wake Up To 4 Am Email, 8,000 Jobs On The Line - India Today",2026-05-20,,,Other,https://news.google.com/rss/articles/CBMizgFBVV95cUxPTDR2T1N1cHBUdV9HQ0ZNY0czWGZ5bXMwMU15V1k0WnRiTU9vdTlWcXBhNkxZUDdtRUhGc2tVczFOdTA3OF9Tekhwc2VCTTd2RUN4aE5sNDI3SDJPTHpsV0JOcklJOUczZGRCU0N2TFBrVU9QN2VIdGZlaHBscWlEbVBlWTI4Y3Y1bmNwd0hKR3J3eVkwRk95Q0huVmFXRUsyS19KeFpJSGFPeERrRk5MMnRmTk54UEpkbTFYOEhMRm9pQ0VTQ2VhdXJjNzc3Z9IB0wFBVV95cUxOSm90am5kSkdPMmQzZVFQQlpBa1lGajJ4Vi0zcl9FM2dFYU5YZEJCZ2tIbkxoS2wzUmhNd1FXUTN3dDVkMTNTdUxuOU5tdEtKZ1NpSTk3X18yVWFnd0V3Y1pmU3ZQS2FWbXI0ak9RYS1xSXdWblY0MEpIbmNMRWt4eXRsb0UtTWZaY0lqR1dqYWdpeEMxNHJIbEpnVFVKa19sdGdHaGNwcTJkZ1NSaVJyVnZIbzV1R0laNnNBeDg1SUpEQkQ3azYxeER1TVVrcDNaV0hj?oc=5,"Duplicate — Meta May 2026 layoffs (8,000 jobs); existing entry updated to confirmed",rumored
Hengli’s Former Singapore Trading Arm Begins Staff Layoffs Ahead Of Potential May Shutdown - Manifold Times,2026-05-12,,,Other,https://news.google.com/rss/articles/CBMiwwFBVV95cUxQUWV2RDFqaE9jalNvODZHNHBlWlc1X09RdGNPblBOX1U1My00QUxHcXRMclUyZTY0bEw5ZjBNeDFNZGNGSE5WX2Y4WFBDOVlxbVd3SWYyOUx5MTFGVzh0c24tLUJiY3lYTVlTSVdZMkNaYkp5bTNCZU1mb1hmRWxsWTBqTkVUNV96WGVDYlZqdW12UUtya09KdWxjNmVzeFU3Z043VjJ2N25FQXhVSHVTcS1wOEFzV184eENwZzBJUWFTYW8?oc=5,Duplicate of existing Hengli Singapore entry (2026-05-12),rumored
"H&m Shifts Southeast Asia Hq To Kuala Lumpur, Triggers Job",2026-05-18,,,Other,https://news.google.com/rss/articles/CBMipgFBVV95cUxPQzJOV2pQRDkxcmZ5X1kwaVF3Z1RSVG9OUDJmRm95ek94V18yX3dmOFFuZlBNX3FKYXVxdzlJR3pVa1ZfX0toRFRQcHVQRjNNdGtZRTJUTzNhZXo5c3RSY1JTWG84RDBmQnlmN0MzOGZtckNEMVM3dnZwODd0T3lYNnRmSmxPM3AteEN1SElRbGpBT08ybVdwYW1LbFl2SDc5eDgtVzRR?oc=5,Duplicate of existing H&M entry (2026-05-13),rumored
Disney Is,2026-04-15,,,Other,https://news.google.com/rss/articles/CBMiqwFBVV95cUxQakpqOHVwQm54Y2NDeUx4R0pzNmVDdXR3bFZIUWZfcGdnMnp0UDhnYnMxVVZWVWNOUXktRngyVGFwandFa3V2bmhuM3c3UGxYaXhNVzF5R3cwV2stQXZmQWlpMHdkcjY0ZVg0cjJ6TUthdFVUaEdRRzFwaWFCTWpuQ0lMa1lXWjFPLXlJT3h3OC1qZk1kYVhad2ZxWlB1cS03NkNvMS11NnVVa2M?oc=5,Duplicate of existing Disney entry (2026-04-15),rumored
Meta Layoffs Begin With 4 Am Termination Emails: Here’s What’s Happening - The Indian Express,2026-05-20,,,Other,https://news.google.com/rss/articles/CBMipAFBVV95cUxQb2REX3BUS01Qd1lwMjI1dU5pVXoxU0J1V3oyc2FabUlCcnVZSTB3bUhMeVBWN2NYU1hzR25HS1kzOVVwLTZOS25TekVQQ2hFZ1N2SVdRcUZiRE5fdzNLaXdLMlhtNEthdEQ1Q1Q3SWJ6ZnkyejlhaGtNMlFqVGVWRUFOeFZZRUhTVEd3RmszRUZZQm1pR1JkUVdmaFR4djRIa2k3TdIBqwFBVV95cUxOTzZxbTRnNDY5SS1rWTdORXZTV19UdmNFWFlNRGRCS3A1TXBWXzMtT2hZeVI4TGRqQUJIZi1mSmxha2l2dWpMemNtdXRQNFYyNEhuQU12MUlrV1hNVTFCWmxfZDkxM2ROR0pWVjZQZlBSV1BYd2ZmeWg3TXRxRDZlSmxkcmVoVWhCQ1hQczlya1M4S1FmOWQ3TGVYZUNNQ0V1WjNtaDNOcHJrOXM?oc=5,"Duplicate — Meta May 2026 layoffs (8,000 jobs); existing entry updated to confirmed",rumored
Propertylimbrothers Confirms Media Arm Layoffs But Disputes Scale Of,2026-04-15,,,Other,https://news.google.com/rss/articles/CBMiwgFBVV95cUxQbTZSNTZBYndIZUtQaFdYV2NSUUMxTFBXenlVMGo0Z1doMVlnUE1aQVBoZXVodGt1cElEUFVrZXZaNXFmOFd4VTZ1Y3kyR01lQjljSmFUMjBsOG9RMVJ3RHBxYXBoYm5CT1VxTUhKU21lQ09FRzBqZGJuVUxkTnBuekF6OFRod0tlQzF2R0pNWHZaV0I0SEpIRThyWUd5Y3hDT1k0MzBZNHYxbGZ3bXNXbHl0YWpJMnBsSHFfR2lhcnhGZ9IBxwFBVV95cUxPTG50SjBybGtnZGNhNkVPdTNQSFloRnZMb1lYN0JBSDJlWl9SdmlCWmhFNTBUM1h5UWJRU0hQX3dOcGE3TVhKUk5PZXRsSEJCVWlSNGZBb0E2UDlJZDVTZEdjUGMtUTJuQWszdGU1Tl9RUFMyejY1eF9uX3M1RGpFT2l5YUFwVTNzd1dUeTZQSDJ3cTV4Wi1xV0c3WHJiQjlTVFNyUXY1Z3BROGZlaDhpUGxqU29DalpfZ1NsVXBicUgtUHRZR2dv?oc=5,Duplicate of existing PropertyLimBrothers entry (2026-04-15),rumored
Ntuc Helps Deliveroo Workers Secure Jobs And Outstanding Earnings After Singapore Closure - Ntuc Uportal,2026-03-09,,,Other,https://news.google.com/rss/articles/CBMiwgFBVV95cUxPb3dZeDV5SUhhX3FGcEdlZEJST01abGhPTnAyMEZkckc4b3ZkbTRoRGc4V3ZDTzFwSGcxbEl1NWdPLUF3T0x5bHFrZmJWSXJBeVhabE1jclRZNlFxbUtVWkV2ZTFhbWpYNm1aZXJ6c0pTNEVaWDJXRjhZMW82THg4bWJvV0tEOXpJNldpdGZIajl6MnhiTGUtSTFrb1RIQ2ZoeGJVa2VCZVREZldMMHc4SnRJM2ZOSGF0MmpMSlNnSG8yZw?oc=5,Duplicate of existing Deliveroo entry (2026-03-09),rumored
"Meta Layoffs: 8,000 Jobs",2026-05-20,8000,,Other,https://news.google.com/rss/articles/CBMi0wFBVV95cUxOX0o1c29VcHNGaTdlSHVsZHFhQzVzODNuVVhHVXVyMDZmVzJlR1licHVGOTh2a2VXTXoxYXJfNVBSSWVVYlNvaW1iMktEV01tVGR5b1BoRFNVZWxZU0FkOUN6cUpKZ01ud1g5Smc0am13aHZ1NVpPMFQ0M3h0MnNmWlFjNU4xQnhJeGVBYXZFSHM5R25IOW83M3hnZEg1dExURGVGMnBoYkJBWXZHZndFSEJNLUU4RFEwUXZqSGdRclczNzhXVlJoWGp1YXJIRWxNWjRF0gHYAUFVX3lxTE42SDRKWDhKa2hyMHRYSE9YUVZfbXRRd20yb1RNLUhzMEV4UlQtcGxETHp4NHJoRm9FN1FLaC04MlZkMWsyclNxTE5yY0FfSko3Y1NSdU1HczY0NmgwcmpNOGRfUGpWT2w0VXdyM2duR0dxc2ltdFNwWTdRV005cG9lQW82TnptZExGUTlzcklkNk9QMEQ5RnR5eHlFYXJ0NEktekx1Ymg4RV9zWVpBTWJLTDZIWTEzWXhvZkQ0ZUhOVjNxb1JEeGxHdzl2blJwc0l1emF3SG5jLQ?oc=5,"Duplicate — Meta May 2026 layoffs (8,000 jobs); existing entry updated to confirmed",rumored
Meta Begins Layoffs Affecting Thousands Globally - Newskarnataka.com,2026-05-20,,,Other,https://news.google.com/rss/articles/CBMimAFBVV95cUxOTkhMYUNxNnc2TFd0MFRaOTFwMVpBRGdzWlB5MFlzQk1WeE8tMHNkMGEzTVBNZU9JdzVOdW9lU2cwNWtEaF9XVXlPVklpVmE0LVdsbV9VcmhTaW9qOGhzUTZPYjA2TXdNb3BXSzVjck4tWW1objJJM090OVNvR193dEhadVYxYXRRY3RDWmd3V0ZqcjE4SGtjdA?oc=5,"Duplicate — Meta May 2026 layoffs (8,000 jobs); existing entry updated to confirmed",rumored
"Company Announces Layoffs During Cny: Employee Calls It 'insensitive', Mom Says This Should Be Avoided - Stomp",2026-03-03,,,Other,https://news.google.com/rss/articles/CBMivAFBVV95cUxQQ3VKMy1rUkptZmdCdlJQdWdYME0xdC1yTTZ2S0ZFOVZUMzJydThFUE9HendqaFV5TnJMWVFuTm5LdGtlSFRXclFram8wZ3RtOGdySXpIVHBwY1ZwaTNpMEwxc1hSU0d2b1U0VG15cXFha1dGeDJTbm9LQWJTT3RhODNuU2V4RjJWNGp3QkxuOWF6LThEcUo5VnRYNmR0Z0NUV25UOU5ndGRyUnc5NlZ6UzI4YnRBT3Vsd2V0dQ?oc=5,Not a layoff event — unnamed company; general interest editorial,rumored
Global Public Relations Agency We. Communications,2025-09-26,,,Other,https://news.google.com/rss/articles/CBMilwFBVV95cUxOUFNseFYyWTlyVVJ1dGE2c1kwRXBWaWFNc1o4Y3Q4T2lrcUIzUktGOUJhMllia1d0VTlIal84T1l6cll1MGVyNWluMEQ0bkZ3OUxIUkR6azNYZFBHckRoMUlPN00wcWE3MzlLak1EYU4wV3lwYjl1cFRvVGtha2lDbC1qUzVUeTNUU2h2NVZSV3FRSFg5VzRj?oc=5,Duplicate of existing WE Communications entry (2025-09-26),rumored
Dhl Unit In Singapore Confirms,2026-04-02,,,Other,https://news.google.com/rss/articles/CBMi3gFBVV95cUxObkxGNWhIeVFaUTUtU1dsRU5RMUZXVnd1eEhYWHgyc1JROF90SXU2NWgxaFRXUlhjbHdEQUZPVk14S3BnQVpOeWdrYzFVM1RVRFBOWHNhQmhvYjJHd1F3cUNRcUV3Rmp0SkpQQzdxOFRxdy1ZWXV4czRaY3dVUk5JdW1mM2g0NTlBUjRhTWlydWw0eHV0b21zZnBMTnhVNUpxLVJxZmpneEF4ZTNUZ283akZKbXA4WFVpTl9ZaUYzRW1hd1NOeThCQms3SlVqcEN6SWRqS1dNcXlhMkVFR2c?oc=5,Duplicate of existing DHL Singapore entry (2026-04-02),rumored
Gardenia To Shift Bakery Production From Singapore To Malaysia; 141 Employees,2026-05-20,,,Other,https://news.google.com/rss/articles/CBMilwFBVV95cUxQYWxpMGtqbWQ3ejctNU8tQmVGd19hTXFZaGZGQXB4VXIxWWZOcFBWbjhIM3pFNXBHZHBqTDBwTlVXbThGOEx4MFl3U2pUdi1LS2lOUDBDbEUzbFg2TUFLWmZJSzI0RVNPY1ZvaVNtX3J5NW1KVkxJb21iZ3FRTjJwaHpnWlNmMzBDV2lUZEtZRzZwdzdpd1RF?oc=5,Duplicate — Gardenia 141 staff retrenched; added to layoffs.csv,rumored
Gardenia Axes 141 Staff In Singapore As It Shifts Bakery Production To Johor Bahru - The Business Times,2026-05-20,,,Other,https://news.google.com/rss/articles/CBMiwgFBVV95cUxPRGlCdF9aMVQ2eFBPcmdjcXRWQTVQcWtDR2FPeGNBQUY0RWozTG1mS2h2ME1JQ3JPNmZSLUNOZ2RENzY4RjFyb2VId0E1NWhmWnRlX2xySVp3WGRDQnY0U2xxRTdRTllFZlVrYW1KNHhvWS1kUWNrWWNZYUZDYmJCc1ZXZW9Ybjg0bXprR3BqSkhKUktydElwZTBESWJMMzZkVm1NMENPOU9jSkoxaWVhcTJjU1dhUU93algybDYyRG9DQQ?oc=5,Duplicate — Gardenia 141 staff retrenched; added to layoffs.csv,rumored
"Meta's 8,000 Job",2026-05-20,8000,,Other,https://news.google.com/rss/articles/CBMiqgFBVV95cUxOcjFBdXNCNzNuRi1vRkxqWHdXc1Z5SjJWYzZ6ZVp5NWFfUVVZV3lsaFNYYkVWN1dKYVA4NXdCdjRQTjFHR3hGVGVpS2F4d2dXeFczVGl2RnlvU0dvSi1FTFVkd0pVT2FaN3pPTHRhTmJ2RThoTjhlMUdnX1hUejROSjFlZkRGZFVBME9KNW9uaTlqSUJESWlBbnNJUmZ5eXJ0X2JaTzUzQW5mZw?oc=5,"Duplicate — Meta May 2026 layoffs (8,000 jobs); existing entry updated to confirmed",rumored
Gardenia Moves Bakery Production From Singapore To Malaysia - 8days,2026-05-20,,,Other,https://news.google.com/rss/articles/CBMirAFBVV95cUxOUWtndUR1a3plOVk5N3d4YVQ3OU1KOHZaN0NCYzBnSThiM00xckFWMTJvUDdYNVNSaUhPMkgxektranQ5U2JoaW94aklFd043S2RGbm1IVjZPdG1IaFIwdWdBcnNFTGYyalRpS0lwTXd5NzRrMzlZRTI3eU5iVng3bmNDRkxZMnZuU1RZSE1ZSV9EV0w1ZmQ4T085SXFiYjBzOFd4ZXdnRTdhbW5o?oc=5,Duplicate — Gardenia 141 staff retrenched; added to layoffs.csv,rumored
Meta Layoffs: Thousands,2026-05-20,,,Other,https://news.google.com/rss/articles/CBMisgFBVV95cUxNckJtNEttSURZYkFfMnhMenJHZl9ZSmg5RDVXaTg3VmNEdnhROHhnbGlSTVozajVGTjlJMGVLdnltQW1QZzFLQkJpS2E0OEpUWW1mQ1RPbEk2ckN1YUdHVlUwNEZQN3ZIOWZOSHVCSUd5MjRTaEJtdFdGa2VFVnRIV3BPOTlHUUs5QWpJTklMYUZURTdfRHN5WGJaMzlmcTVPRHNVR3gwcE5RYjNJaVdweVZB?oc=5,"Duplicate — Meta May 2026 layoffs (8,000 jobs); existing entry updated to confirmed",rumored
"Meta Layoffs: 8,000 Employees To Be Laid Off, Singapore Staff Among First Hit Amid Ai Restructuring - Mint",2026-05-20,,,Other,https://news.google.com/rss/articles/CBMi7gFBVV95cUxPNjdFeG4zdlYtd0k3ZFd4OUxZRkloLVM3ZW0zM1hadl9KMkZYZEduR0tZYlppOGpMZTVncWlxdFQ4NWpEMWkxMnZMSjJyM1l6bXd0UktQckdYZ3YyckZPeGhtdUhicEY3LWtQWWFRQUFSMkZMZzVVT0UxbXVYd3pkTVhMQmpYZUNQUU1BWXZDRklPNFN3elNGSXlhY0p0VHNDbEY5LUNfNlBqNFRIQWFlVGdaMXItcHVXMzdiTWF1eDYtZlZZd3FkUVpwRzU0UVplTmNRZmVkN0Y1S0hRTzNMdWdGNFhjaS01dXdhNU1R0gHzAUFVX3lxTE5ua0U3TXIxSThPZ2xBXzBaYVF5cnVRMlFUUy1vcml3SDkxaWdSTklUSVZiOURrd3pvSUZpVUtSUjQ5UUpsQ1Jsalh5T0lkU254QzViOElsLWRsNUNjbjdNdTdEVzNkU0pLdHNxTmFVT2UzRlJlZGc3MXp2V3RvOG5faERqWU5rRVAyTUdsYm5KcFE3b3YtWENLSFdETzBibHdXMV9RbkI3TDlYaXRKc0d0MzN2ZzVzNmVSd1VrcmFFeFQ0WXVHZnVSR09qamVYVURzTFlTVS1UZlBpOFVudWttdjgzRHNSMXQzNEFFaGpvX2R1TQ?oc=5,"Duplicate — Meta May 2026 layoffs (8,000 jobs); existing entry updated to confirmed",rumored
Gardenia To Shut Singapore Bakery And,2026-05-20,141,,Other,https://news.google.com/rss/articles/CBMixAFBVV95cUxQVGZ3eWFhNVNnOXhJcHVPUjQ0YWNVNzlTYko4LThzaTdOSmpQc0xXMXdRTVl2OHc0NEdTVXlNSFBrMFRwdWhfT0laT2wzYWxWVW9jRml6OS12X09WbnpRMlc2S3BKb29uOFBubENxNWEzb2xRXzdFdDRTM25GOFpIQk45UXZSQmZoc0tSSW9NblFsMHg4cFdTV2U0V0NUYlhWY1htM0VkVmgyOGZ6dzd1cGNDZ2JpNklBdk1LMkFnS1VCT2NO?oc=5,Duplicate — Gardenia 141 staff retrenched; added to layoffs.csv,rumored
"Stanchart To Slash Almost 8,000 Jobs In Ai Push - The Straits Times",2026-05-19,,,Other,https://news.google.com/rss/articles/CBMilgFBVV95cUxOcDg1T1JTT3Q4RWs3d09OQmpKTFk0Wnp6MVRNTTJjT1V1akdXMExyenU3QnZKY0t3RVBpbjVMYkRNVW1QaDlPQzRQRGE1NVNwc1AxakU3aUhXUXFickwzXzVqZGJYOVFHUklDSVd5ZkJkUEFDS3hTYjJETlY3SWgwZ0lubkZ2V3RkY3dva0x2cXEwSGx3b3c?oc=5,"Duplicate — Standard Chartered (2026-05-19) 8,000 back-office cuts; added to layoffs.csv",rumored
Singapore: Ministry Of Manpower To Review Proposals To Make Advance,2026-04-27,,,Other,https://news.google.com/rss/articles/CBMi7gFBVV95cUxOc0VBVTh0dmtNdEZmN2FlcXZFRW5rRWVPaVMzOGxVQUhnM3dCamhHRHhzOFEyMUZKWGdnU0hQRW5pVWE3a2FocTg2QWJLby1EcXh3MjlLWE1pclVET3BoelFmRWowZ2k4Wjh2UEtuSEdBaHZJSU9ZUlJ6cWdSdkRidjVDQWVlRllOOVZyVDZyUXNxQWRvS1NZR3FVNEk3QV8xMnlsRU1NSzl2TEZkM2FNQjJRdHRPUmNHQ0xKclhOTi1HYlVDYWRUWEE2bDJPVFh4bGxLTF9kcjNPcmZyN2Y4OGdiX0Z0amtvRU1LQW9B?oc=5,Not a layoff event — government policy review on retrenchment notice,rumored
Crypto.com Announces Layoffs Of 12% Of Staff - The Straits Times,2026-03-19,,,Other,https://news.google.com/rss/articles/CBMirwFBVV95cUxPWjFBTVlvcDhDNkhFb3ExSEVscFVBU1QzSUstMkhyS2xNZXFuSUYzZlc2RWpwdmh3ZGtMa2trLWduNnlHWmVBelNnRzg4MmZVdmRRLXlzR21veEVhUnJnMzFhYllrSWNJWC1MTjRhWkc3MEljLXNkbV95M2dtbVZyMGQ5aHcwVVM1VEh6MUJoTUJ5T0hOaE0zc0c3ZVJSa3JDdXkycFU2b2hLLU5iYW9J?oc=5,Duplicate of existing Crypto.com entry (2026-03-19),rumored
"Tiger Beer Maker Apb Singapore To Scale Down Tuas Brewing Operations, About 130 Jobs Affected - Cna",2026-03-24,130,,Other,https://news.google.com/rss/articles/CBMiowFBVV95cUxQN192a2pXUzZDWGNDendCMGliRDVSeElrV1Z6bXJTdElnWFluX2haY1M4czd3cFA5aUsyaWVPMVhTRjkxVzl0VVNVUUJpSl9vWUVDcTlQYlRyTWlFTVR3Ty1namZ4Z2xsbkJrdTFvX1U2T1phak8wbXFlbE9TUHYtNEFoMGlVT29zQ0hzLVl3UFZuYkxMRWpzaHlJVUJyV3NVRnlr?oc=5,Duplicate of existing APBs (Tiger Beer) entry (2026-03-24),rumored
"Sharp Drop In Hiring Hits Singapore Job Market, As Prospects For The Next Few Months Turn Grim - Vulcan Post",2026-05-20,,,Other,https://news.google.com/rss/articles/CBMie0FVX3lxTE1sV2w4UmhBMmtuZ0FYbnZJRmlyclpXbEFZMWE0czEzdXpCN3oydllvMjB1WHprMnZvSEwySXVBdWg5SldVeGRHWEpYQ21iUkhaeUZNLW15Z2V5LWxVN0hzaGsxc0RBQnVCOHBZcDhEc1VLUk5DN2h0T2tFVQ?oc=5,Not a layoff event — general market hiring report,rumored
Stanchart Singapore To Hire More Wealth Bankers Amid Plans To,2026-05-19,,,Other,https://news.google.com/rss/articles/CBMizwFBVV95cUxPMHlsZmZqbHl6X2txbHJ2YUFjWXF0TlRlcFJvYVYzX0Q4Y1hUVnFKYlB3UlN0WnozUzJyR0Y2SUlxTnczQlFndEdpRTk0VFZSTmY4LXBfMDFEUlpONUE4bXBReGFuTG51Y1lpTUp0Nm9nY3hVRm9fQnZOMlVZMVBzU09oaVlEMExGZko2WjVXQldDcGxnSHhkZVM1ZUF1SGhsSEZzNUN0UHJ1SnljTllWaWN5SVh1Q1oxMTVzcXpCdko1aktSeHJNZ0VQVHJxSFU?oc=5,Not a layoff event — StanChart hiring wealth bankers; not job cuts,rumored
Stanchart To,2026-05-19,,,Other,https://news.google.com/rss/articles/CBMilAFBVV95cUxNeUZ5ODBVLU9IS3huNVdjZ3drNnFMdmdLN001U05aOHAwRmE0MEtPeFFGLTY0VGs5dDUxaHVMbXhFbm96ZFlPbXFaM2lRUk9JYWtwdGk3MkFNRWJqbzNRcmxIc2RrY3EyamE3cXVVdlJzaWlibGJJOVhDZnJwbFF6NEFJVU5RRkVFRk1FX29FUFRDSHQy?oc=5,[gn:stanchart to cut more than 7],rumored
Singapore Urges Financial Firms To Use Ai To Create Better Jobs - Bangkok Post,2026-05-20,,,Other,https://news.google.com/rss/articles/CBMitwFBVV95cUxPX3o0V1Jjbk94YS1aOTN3VE9PbFBGRmtfbDczNk9oNlp4QXJqTE5lV1pjeFVicW9nXzg5Z2lsZm11eFdCQl95OEFqalFBVkhoYVdUdmpZRVZwY1VaNHhJWTF3Zy1ZTS1Md0Zzb3d0ZHlpdkxEc0lDYTFyRXV1RWpPTVlvYnItZVVjU2l4T3Bya2N6ZEozWWJ6M1RvX1ZoTFhmNHV2UFk4VmlkaWhRR08tN1JqQWtQMk0?oc=5,Not a layoff event — government statement on AI upskilling,rumored
Ikea Franchiser Slashes 850 Jobs In Cost-,2026-05-18,,,Other,https://news.google.com/rss/articles/CBMixAFBVV95cUxNUXE3ZHBuX3pIbDVTNHBpWG1rRnUwQkx2bTlaY0taWEtiZjdkSUZCc2pFXzFoRnk1TUdPZS1lblZUY1ZMZUFnY21FOXBtWlhsUVJYc1FTVzAyeU00MlphVVEyeXdfa0tPYzJNd044NEVsVGN1NXpjVDg1NVFKREpHUHVBYWF1LWdEVklHWGtGMkJaVzNGMEFvUnFZb3VMT0VIaWN5dkhRdjJYZlEzYWk0dlVMeVdZVEk2WjUxOTJzNFpRcVdf?oc=5,Duplicate — IKEA franchiser (Ingka) 850 jobs; added to layoffs.csv,rumored
Meta Layoffs: 4am Email ‘horror’ Starts From … - The Times Of India,2026-05-20,,,Other,https://news.google.com/rss/articles/CBMiwwFBVV95cUxQVEQ0cFdkc3ZTT2VmeExicFg5SklOOTZJNVhRQU5mRGhnNFdWa1ZxY0MtQjFibHpLSlN3ZTdpUXozdkp4WF9UTnJlWDhSZUFXWGROdzBISEtyMEhTTy1oeFRNbFBoZGFaZ055VU8zSV93Y3JuaUxSZWtSS1lMdTMxeFFsNlJmVG5jdVVDMVBxWk9aNFdvNUVnV3ZieWlXTWY4WkJwdXIwbjQ0NC1oc2lmY1gyQndPNEl3YUh3dDJPRkZCNU3SAcgBQVVfeXFMTzdiTFYzX0x6Q0VqTXFkcXFWNUhMdnFPdGZfbzA5Szh6VUVNdkg2aFJkRmhYb0c3MW9fUW1qS0k4NlRlck1fU2hia3dkUDA4MU5vYWdLXzdTOVlvZXlacnJEcUpmLUpfSGlyeklIYmhwTHI0NVBPUjRaOHNoYUxlYkEtb0JPS3k1RXJSSFJLckxyQzNJMndhRl85LTV0VHdSRGludDJuV0J6YlduV3dKRTFScHpaNTB1Q3RsMGtIVlE0ZkNLd2JMLU0?oc=5,"Duplicate — Meta May 2026 layoffs (8,000 jobs); existing entry updated to confirmed",rumored
"Hsbc Weighs Around 20,000 Job",2026-03-19,20000,,Other,https://news.google.com/rss/articles/CBMiX0FVX3lxTE5SQ3gxbUpEcXF4S2w5dGFZYmtMYXJWMFB6d0pXczFwS0ZQdFRoa2l6RjVFY1pKcnJQa1U1cjhITEVfdms5QktWbzNUNU5LdjY3eDhpNEFONFNZTFRfUUUw?oc=5,Duplicate of existing HSBC entry (2026-03-19),rumored
Struggling Nike Will,2026-04-24,,,Other,https://news.google.com/rss/articles/CBMingFBVV95cUxNdDlyVF9zXzRDVVVBX3M1Ni04VVM2VkhPczNqSWJRbkNORXM1bnY5LTdIOExPYnNyMmRzWVhreVIxT05wNFY4SHNFMm5lcnFMZzNIUnRHbzdPWldpNFhVd1JkZlU3V19DdXIwQVRFSUhzNmphYWx4czhuV0tRWVR3S3Q1d3A5UXdlN2xTSTBpZ0wzYTBjRjZjMHBMSnZPZw?oc=5,Duplicate of existing Nike entry (2026-04-24),rumored
"Société Générale Shares Rise After Announcement Of 1,800 Job",2026-01-22,1800,,Other,https://news.google.com/rss/articles/CBMickFVX3lxTE1kNk1kU3RzbGpvZW1aSjRRcGwxMGJPN0FZSW94Rjd1NndqN25wRGQ4VzdVSnJVQkxBVUNNX2twTElYZW5QSFM3MkN2OUJaOGs5UFJNMF80dGRKdTAzTDdLdVMtbmtQTGVZdkt0NmxfLXNfQQ?oc=5,Duplicate of existing Société Générale entry (2026-01-22),rumored
Singapore Workers 'trapped' As 72% Burnout Meets 58% Ai Job-loss Fears - Singapore Business Review,2026-01-21,,,Other,https://news.google.com/rss/articles/CBMipwFBVV95cUxONVI3LUFPSnFXZEljUkFUMDNhaHl5eUZmRk1EX1lYRlhUM2tMaWFDTkxxREF2amwwTkxsM2xtNVdMUmxPZm5iWXZRTFIxbEhqLVFpc2xPVDlvOFpQeXl3RWEwdm9kdnR2Zld2dmdlT2I0Q1lVNGlpdEhyU3llUHFpdndteS1seExYeEhvMEhBdXhPTzlqSFlscUNUVE9jY2F6Vlh0N3hOYw?oc=5,Not a layoff event — survey/editorial on workforce sentiment,rumored
"Heineken To Exit Large-scale Singapore Brewing, 130 Jobs",2026-03-24,130,,Other,https://news.google.com/rss/articles/CBMi8gFBVV95cUxNQ0ZNWnpMSDdoWndRUDdtWngyV2ZRbWYtUmdrcUJhM3BUdUxtOTgxdHFDUWRNTHFaQ3RzYmFYbFZrRVFEelc4c2FrLXhYRkRRNGRieFRObHFlMEhMNkJtd0Y5Yk1ERWxyLVZGdm9mV3gyX2JzRjdfa1drWjRuOTVxelJkdW55ZGdpUjRmUEJxWVVJV19FS1ZLYmMzNVpKNy1QaHg4UlBGRVRXNHp5SGxCWVo4em9NLXVtWTNfY0NvY0FWZ2UtQkRJaU5kWWJNU0ZBNU9lU2J5Z1lZZXVXenF6ZjRwYzFnRUhaZllRaHhjSU5HUQ?oc=5,Duplicate of existing Heineken/APBs entry (2026-03-24),rumored
Heineken To,2026-03-26,130,,Other,https://news.google.com/rss/articles/CBMipwFBVV95cUxNUXB0QnlZd0hOcURJMUJCQnoxMzJjSkxrSDJMSUlzRGF0RlR2eEJ4YmJRTFJFbFBJbVB0QnRsLWFGQS1QOXpYcGZmSm5PRlhrc3ZmTDE4VzhzWXNBYW40SzhLLTQ1dXIxUjBZRjlNLWZGOXVNLXJESkNtekR3ai1tcDJFMVJlTWEzWlpzbk05U1FncHZsaDltOXN3ZEx4ZTFwS2JiSUtpQdIBrAFBVV95cUxOa00yaFhCUjV4dk11dy1iWnBXQmU2TDl1R0p3VERPNlVtZ3VnSlVsNktZSm9GVHFSYVhMeHFkOW9VdVVLNHd1UFVRSXhWTWlCSUFuLWM1WnN0Y3QyREdSdm8tZTdYYWU0Z0x4V0k4b1dWaDVJQ3AtOWtpbk1fOW9vTUZCSjFZS0hPZ28wUkNCOGcxSURoNDlrVld6YlYtc0labG5lXy1Nay1uU1Fs?oc=5,[gn:heineken to cut 130 jobs in],rumored
"As Sustainability Retreats, Singapore Youths Face A Green Jobs Reality Check - Eco-business",2026-05-19,,,Other,https://news.google.com/rss/articles/CBMirwFBVV95cUxQTmNMMnQyNi13LXRjZVRVNFNzeGZWWHBaNFZBTmxkdEZrS0FrTlhYM01kQlEtOFhuSzFnY1gyLTRjZTMtSUVGUy1NZFFLYVFsN29GTElHNW5mZGx4RGpLUnhhSk1WOVA5RXNrQnlmSkx2T3RITzhiYVJaWGtlZENmS3Rpd1BvZXJZbTZmdzhNbGdBZGdmYUw5VVJQYm5iOHk0aUtvaUxrWE02dzFZMGZ3?oc=5,Not a layoff event — editorial on green job market trends,rumored
Meta Layoffs Hit Singapore As Tech Giant,2025-10-17,,,Other,https://news.google.com/rss/articles/CBMiZEFVX3lxTE4wbUp2Y2FlV2lqaWM2N3NOSDZSREZhb0pjX2REUUE2d0ZxeWVQbEVTRjYzc200MlVCOGtDNXV5Y184QlFwM05Xb0dCaFdYWHFQQ1VHUC1iNGlNamkwLUIxM1VJZl8?oc=5,Duplicate of existing Meta entry (2025-10-17),rumored
From Banks To Tech: Anz Latest To,2025-07-01,,,Other,https://news.google.com/rss/articles/CBMijwFBVV95cUxPM2VTdkV0TlVqbFdGLURzc1dEakY3N2JiRWdmSWtIa3JvRjJIZU9VMVVKY0RDNnBfNWZ2RTZ2ODQzWURzeG9lcXFuUUJSSDZhOXFRdDJDMEU0NFR3ZXRmc3ZSUmRreVVvOVRYYkxhTmRmWmRFcEVjSnJVam5GeHhPMjJJeDA3OUJzU1N1ZUNqVQ?oc=5,Duplicate of existing ANZ entry (2025-07-01),rumored
Efinancialcareers: Standard Chartered,2025-06-19,,,Other,https://news.google.com/rss/articles/CBMi0AFBVV95cUxOWXY1QXY5LWNacGZKV183aXpWZ0ZGaER3YlFJNHlKclB1Rkh2R1BYZUhwbUs4Zjd1X0xHTkhuYkJjSVBtMUltdEdtVzZDX1hWZkZrbF8wem16bE56SFJ1UXdnMlVzUnlXUmptWFl0c3BCeWJvZUtNOEwybm9rTmxSZk1JTFFfcXRPN0xSSEkydFFGR0xGN0V2ZGpfc2Z2Zk1aSHgxM3QxRGw1ZzNQMUFubGNtWXRQUEtyYzBfeEptX3d2R3VwN2E1bUh5XzJYS0tE?oc=5,Duplicate of existing Standard Chartered entry (2025-06-19),rumored
"Manus Capital's Dilemma: Lingering Chinese Roots, Hq Relocation To Singapore And Layoffs Post - Silicon Valley Financing - Eu.36kr.com",2025-07-16,,,Other,https://news.google.com/rss/articles/CBMiU0FVX3lxTFBMYUItVmxBbWw3MHZuZEpQZVpGTXJJVmV3T3pYMzRqek8wR2sySTNUQlZOY2UwMVpQNGpWQW5Vdk1Ua1RiRm5Qb0dLenFhVDBoVURJ?oc=5,Duplicate of existing Manus Capital entry (2025-07-16),rumored
Microsoft Announces Global Job,2025-05-14,,,Other,https://news.google.com/rss/articles/CBMiugFBVV95cUxOUlZ0aVVZR0dRa1JCTFZfUVdJZlFhaWlvdldwSzA4TGpGZzEwSm81TGQtYXQtRnE4V194TTZZX1BiWVR1M0pGWFBUOE1Nam5NNGllV3htOXNyZWp3RWdqc2pZN29KWWFELWp0dFM1cWNsTDJ5OVpzdEI3Z3lVSXRZZmlvd21IZWU3SDBaS3UtTjVaMS01UFJvbkY4NURJUjhwZjhCV1dTQkJoRDEyRFVyTzd6cHVqVnZVY3c?oc=5,Duplicate of existing Microsoft entry (2025-05-14),rumored
Layoffs At Meta Hit Singapore As Tech Giant,2025-02-14,,,Other,https://news.google.com/rss/articles/CBMimAFBVV95cUxOZGc2b2VWN0VYV09hUUFZTExfWi1tay0wYzFXcG9KWEM3ZDBCSmtwNllHZHl1aDlYU3BpSTc1QVJXLXBreDdWaTVnTEZrNEJtbDRwZ1hTVDltNThFSjktY0JTYktKZHRDVWx5eU9TMEZHcEllWTF0MlFtbTUyWFJpVWdIWC1mZm9EU29XZHFfcmpUN0hNczcybg?oc=5,Duplicate of existing Meta entry (2025-02-14),rumored
Jobs Portal Indeed Shuts Singapore Tech Office Amid Global Layoffs - The Business Times,2023-03-24,,,Other,https://news.google.com/rss/articles/CBMivwFBVV95cUxQN01MMjVDY3JBSVVpMldTVk5vNjQ5S2owN0t6WDYtc3RSNWlFdzdfNlZIMndMOGU3akkwOVVLQ0pRZFFxMUFjdVpFSHcwUnljbUJjbmd3NjNWOVU4amRSVTdlWWNiNXZxUDZnRGVMcXBJNzRXRXJyZm1waVlrQVktTVd0dzlKZFdmRGhNNGJ4bkxUblBVUElMZ0pmR1VUYWVXR004YTA2bFptckQ3SzBDTzRaV3NnM2tFWHJHbE9aSQ?oc=5,Old event (2023) — not recently relevant,rumored
From Tech To Financial Services: Goldman Latest To Join Layoffs For 2025 - The Business Times,2025-02-24,,,Other,https://news.google.com/rss/articles/CBMiqwFBVV95cUxQbTNER1JacTBtLVZyRUdSVWZUODdOVmliQ0hyeW1UbmhrTUZ4bEM4Z1JyMGJoLVRLUDBfUmxRckxUeTRNV016d2JTR1cwcW9VWmtQTFpDaTV0THNyTEFwN3liUXJXOExxTkFOWVFFbmdwYk5TZzBfeWpQS3BZbmhSY25kNTlPQVJBQ2EzMF8yRk9ZU1ItVGRRNUxJbDR2V29FSGJEem9uVVMxbG8?oc=5,Duplicate of existing Goldman Sachs entry (2025-02-24),rumored
Tech Giant Google,2023-02-17,,,Other,https://news.google.com/rss/articles/CBMinwFBVV95cUxNdjNKV1ZqRUNHVEVxR3ZpOGcyY3d2TVhfUVFaSDZlLWZTaVJUMkp6aU4xS1JoblduSVlEQzB3cERlT3pGMm1XOWx6REJzaGFaWXVLdnZsQnl6a1ZFaVZxSjNVSWVOZ1dTY1I4ZlI2RDRqaUktM203RjFaaHVmWHMxaDJuLXU4emZ4V1dpbG81aWV1dHFrN2c5elhrY0RudkU?oc=5,Old event (2023) — not recently relevant,rumored
Meta Layoffs: Singapore Employees Affected Across Many Departments; Spreadsheets Circulating To Help Job Hunt - Cna,2022-11-11,,,Other,https://news.google.com/rss/articles/CBMirAFBVV95cUxQQm1WSHZQRVAtOVJvM3NSc0tfUDdDc0dSQXR0b2Y0bEYtZmVLQjRHajlfcVR5UVBkZTdnV29OVmVJdThUNHJpNVJ1WlRIYjYxblRUSUFwN0NBVXhvSTNQSFJDRWx4aXZoemFWbld0UTdSeHBEbkhfLVhkM3VqVDI3MDhhOFNNU1JsbU5jS3hWZ3VSWVB0R2NPY3BpdlZIOVV1OGFMdm9iRmVZVmpZ?oc=5,Duplicate of existing Meta entry (2022-11-11),rumored
Singapore Unions Offering Support To Any Recently Laid-off Tiktok Employees - The Straits Times,2024-05-24,,,Other,https://news.google.com/rss/articles/CBMitgFBVV95cUxNTEZEdy14WnJldnkyaVBiTDBuZHFUSlhtZWRBczRQXzIzTjRXd0pTOHZPVzVBSlZFZ0J5NFJjZl9oNFl1cEJXNnlIaERIWVltcGFuaDhROWpGWmdIRG5XYUdfdm9MRzhhQTRpUFZGbjRtdGoweXY3UGVZSzluOTFIemVoSU5yRGd3YmY4cW5UZXgwUUhWZFl4MnhOYXZCQTlIRHNRNDcwX0xWa3YtaTBWcS1SUThGdw?oc=5,Old event (2024) — not recently relevant,rumored
"'zero Empathy', 'total Upheaval': Inside Twitter's Layoffs In Singapore - Cna",2022-11-17,,,Other,https://news.google.com/rss/articles/CBMipgFBVV95cUxNX3BPbXVQVXdYd3Vvc3ZVZU9veHBIcmpBRGtOX0s2ZnpPRzJlRS14bDRnX3Uwd19LUFZFME5aWV9FWXg2Ymtoc1QzOWFFN012NExobi0wNno1WFk1LVlEOWdJdE5OU3JSUUs5WHN2WmkwV2tQQ3Zyc0d2R2Mxc0pkc3l6TUNsWW1CcU05dDYwQkFpUGRXNjRGT240SXNYQmt6R1g1OElR?oc=5,Old event (2022) — not recently relevant,rumored
"Google Singapore Hit By Layoffs, Employees Brace For More - The Business Times",2024-01-12,,,Other,https://news.google.com/rss/articles/CBMinAFBVV95cUxOQlpYQk5WQ1RySXF0b2xuLU84S1R1eHdCQ3FPTXBGbW1hd0lnWUNLTjJ3SjNiNHd1YjUxVWZPX1Y1bVctcVZRZi1KSnVyQk85Wms0NDRFY3hvN18wZnU4ckJIVnpULU5PNjJkZTY2b1VRamVkNHg0WjM3YmRXa0hJS1dEZ25oUkJYbVlOdF81cjZoRWotY3hrcVpmQk4?oc=5,Old event (2024) — not recently relevant,rumored
Google Axes Employees In Cloud Division - The Straits Times,2025-02-27,,,Other,https://news.google.com/rss/articles/CBMimwFBVV95cUxOX2Q1QUl4bEpST00waFBuTkRKM2xNZmNFenJwTkI5XzZCNXFVa253OV92SURTd0VkRzk1NFZGRXRzY0dxRF8wTDV0Vk1sZHJlYTBWNUNVN1FjNmFwSUU4LW9LOGhua0loVE4xMDBjdE1ia2NLTVcwOVhKNmwtU3IwdVQzc2hwNHYydU5RaGN1YWRFR2FnNUU1ODFXbw?oc=5,Duplicate/old — Google 2025-02-27 cloud division cuts,rumored
"More Layoffs At Shopee, Three Months After Previous Round Of Job",2022-09-19,,,Other,https://news.google.com/rss/articles/CBMikAFBVV95cUxOVDBHUkF6UzVLZENhSDFaV2FoVnlyNURwZG1DZnZuNjRPcGFNeWkyTlh6bHF6OUxTQlVlOThmNkpYVHViV1AyaUVYNzZydE5BM2RFeURuODQwRURKbzNlUWxkYXZYVXlkaGlsUDNGTUpzVUFWSVRLU2ROa2lnbUx2R1BfelJ4VDBpV0RMUU15YXM?oc=5,Old event (2022) — not recently relevant,rumored
Singapore Fintech Moneyhero,2024-07-24,,,Other,https://news.google.com/rss/articles/CBMinwFBVV95cUxQMXRmRUNJREZydjBCbGNlQ2lUWVVMeTB1NWc5STNGc3RyS0RTako4cHdRU3lfNUdaWnR1WGdKZ1VXblJiWXM4Q3UzX2ZNaWhGNEdtOGw4c2lfR2lTUERYRzA2OGthNmwwMUVZR1FBSWY1Y3ZDc04xMXQ5SkVhUTRGdm5HdnR6TUxLdWdJSF83MmhTQTNLSEdhbVJUZ1IzdU0?oc=5,Old event (2024) — not recently relevant,rumored
Temasek-backed Partior Slashes S'porean Team By About 30% After Bagging Us$60mil Funding - Vulcan Post,2024-09-18,,,Other,https://news.google.com/rss/articles/CBMiigFBVV95cUxQN3ZpSnVsYmlyZ1B4OVVIRjVqWTBFZVdXdExyMERTZXRucVlZeTdVUnFHTXZ1dnp2VUdDUnY4QmJSNlZweFFYcEVtd2JmbTJJeHltQ1lydnBkMEFpTjlJRGlkZjBUZzZFMTZ6NkNoWGY5dzYyVUxqc21zbDV4TWl3Qi1NTS1obmFBeWc?oc=5,Old event (2024) — not recently relevant,rumored
"Low Morale, Broken Trust: How Companies Can Help Their Employees During Layoffs - The Straits Times",2023-04-02,,,Other,https://news.google.com/rss/articles/CBMitwFBVV95cUxNVFVMQUhTcnNVR0QwZDF1VkdJZG5vQW1rU1NQdlFLTEVoOV9Dck1sU3A0b0drd0N4MWs5OGNfSFRVZ1FWbUg5LTI4TkF1bURxV3dHSHhsTG1fbU1GLTRfbEFEeGxUQ0FqdlU4VnVBT0xlUUxvMUVoRVZMSW9CbWhRWkhuZkxfei1BdUk5aVJwLU9ZamxuVWVWMF9VbW9rRjAtVGpJZUZOOHpnRGtibHRSVjhNVGxUb00?oc=5,[gn:low morale broken trust how companies],rumored
H&m Asks Singapore Staff To Reapply For Jobs Around Asia As Part Of Restructuring,2026-05-20,,,Other,https://www.channelnewsasia.com/singapore/hm-restructuring-employee-job-role-reapply-southeast-asia-kl-manila-vietnam-6115716,Duplicate of existing H&M entry (2026-05-13),rumored
"Limited Choices, Slower Customer Service Among Key Consumer Concerns Amid Telco Restructuring",2026-05-19,,,Other,https://www.straitstimes.com/tech/limited-choices-slower-customer-service-among-key-consumer-concerns-amid-telco-restructuring,Not a layoff event — consumer concerns article on telco restructuring,rumored
Gardenia,2026-05-20,141,,Other,https://www.asiaone.com/singapore/gardenia-lays-more-140-employees-moves-production-singapore-malaysia,Duplicate — Gardenia 141 staff retrenched; added to layoffs.csv,rumored
"Meta's Zuckerberg Says He Feels 'weight' Of Global Layoffs; Stamford Catering Fined $8,000 For Food Safety Lapses: Singapore Live News - Yahoo News",2026-05-21,8000,,Other,https://news.google.com/rss/articles/CBMigwJBVV95cUxQODJqLVJBb2tiT2NQV0k3Ynh0VXdtTHNkTlZFWGpsWUZGSVBfckpSMmxVSk9oVnNUU3BPOV9qU2tnQjJhbEk2MGFOQkJiSXU5Q2ltbDJBenVmOTJidHZYNTA0ZDJKWjRmUkIteHBQSF9VM25LUkY2YTB0TWhFYUdFN2x4N1R3eWN3T2VSbUFHTVBvTmp2M1Z4cFYyYk5vem1ObGNjekstTmxoNUxQRWNIaFh3ZUVlZ0Y3Y3ZRWDhuZlRUS2NuclJtdWV4RlI1WEdIOXZHZndWVUlBeVBSZm9UZTFTanJPeFhscllfMkdNS1RMSE5yekhQWHQ0SjVieUdsdjhr?oc=5,Commentary on Zuckerberg remarks — Meta event already in layoffs.csv (2026-05-20),rumored
Singapore,2026-05-20,,,Other,https://news.google.com/rss/articles/CBMi3AFBVV95cUxPTlEwNEJOR3E5eE9wZFN3dFBQRHpOTWRSdzNObF9HMmVrWlRSaDc1N0xpMDRUZkEwd2w3WF95bVlVSXNjNTRFbUswT09JcFZLTlg1WlN2ZzVudE1rOFFpM2xGOUhxQ3VQVTNPcjc4UXRDMGRpckQ2UXR3WWs2OVlXdnZURlRwSnVSZXYxMkYtbEhHcHdjMWxfcGV3bmdZWmx0eF91WTNZcDc2Zkg2ZmhNNGM3aTNYNXc4M00ySHJ3ZHVkb19YOVliRDdwbkZ5WTkxWU40YjExVURkRnlI?oc=5,Generic Google News aggregator title — not a specific layoff event,rumored
Singapore’s Ai-job,2026-05-20,,,Other,https://news.google.com/rss/articles/CBMiygFBVV95cUxNNExJeVg0ZVljWkhmZnNWQ2tTSHkzU2Y5aFVjYTFJcmdqM2xCY3lxWTY1T3Y4ZHFnZnpYMHBBOHlPOVRiSXFwdDZ3cEhLTHQzaFVpZDRLeXR0a2hneTQ5X0lxcldpR1VQbjZNNGhXVl8zWnp5ekZwd2FBTk9FM09WdDFYc21WaGt5OFVRbkY3UVo5ZkdNOGdEU3ljSHl4Vk5TSlEtbUgzSTJ4ajlrSzBDVmdxUU45eUpKUERvYUFDeHdtYzZkYk1valFn0gHKAUFVX3lxTFBFTlBNdDNHSG0yX3R6ekU5VUN1X1RMN28tRW1tUHFnV1BLWkJLQlJOMlFsSTZYT0p3S294ZUVCRncxajlua0EwbXNNSVlUdGRXNWJBMEdXNkFaT09YeXk0bTQzZUVOdFowMDVyZDBZMHVDdVpWa0I0Q2F5NjU5bVJvZ2U5LW00RXhTTlIxQk9fQU1tVjdGUUpHckhpZkthS054dVRoRmg3OXd6ekhiUzdWUnVncWYwY3BNbGRlaWFLeTZsZUQ5bHRwTFE?oc=5,Commentary on AI/job policy debate — not a specific layoff event,rumored
Meta Begins Layoffs Across Singapore And Asia As Ai Investments Reshape Workforce - Et Hrsea,2026-05-21,,,Other,https://news.google.com/rss/articles/CBMi0gFBVV95cUxOenhSS0hFRlc0ZlpRbE5ydVJ3cUZKUzJtUl9iZmMwaE9JdDNZZGdUalhfUC1UUzBBZmJrWmZrcUlVbDFMVzRQTTl4V19VOGh2Yno5VGUyUVBBSHI3dHQ0TDFhMEp4bm0xWTBOWm5lNG1xT3ZBbGFZNC1XZ1FZY2ExZmh6dGtxNXpQTlN3LVdYdW02d0lpUmI5M0pCcXFVOUE2LTZpcTcxdUpzWlBhTEM2SC1TcGxZTS10YUV3Zm5ZUWJEN1M3V2NYUzJKeG9OSlJQNEHSAdcBQVVfeXFMTXd3MDNCN1RnUVB6X0pwX1cxdDM5ZWJTSzE2ZVJYLVlpN3VzMTI2bmlTdVBBM0JtNDgwSnRwY0poalFKY2FqdHhIZmZUeXlsRXNoaGxGZ0F0Z0dvOVd4aGx3YzNSRmY3eHJDeE1sTW9Qd0dQbVNLbkxybHNoZEVpZTVBSTdGalVGLUtnYXJTdlAyYlBENklUY0NlNDZxU3RtVWw2Z1NycFQ3TlZ5YU5VckQ2SF8tMHFvN2xJNkRvOVpHUVhlMHh2cVU0VGRYTlpTYlZZWEY4a1U?oc=5,Duplicate of existing Meta entry (2026-05-20),rumored
H&m Asks Singapore Staff To Reapply For Jobs Around Asia As Part Of Restructuring - Cna,2026-05-20,,,Other,https://news.google.com/rss/articles/CBMiwwFBVV95cUxQZlJpRmRYXzhxd1ZxdFFmWENxMFk0TXBRV0N0RURqeWVEZTVzLTIwX3FTekFEYTZIQXJ3dHRxdWpxR1NjaTlJM0tRdURlT01GRWZjRmRVVzBNdDI3UFl1V2pMM21GbG56WXhGOHdyUlJ2MUpuSEhGaURHbzdOS3JkZ293Um1qWnF4cEhkaWNQNFQwbUFHUF9Jd2JvcXdLTVAwbEdBWTVZVlVCRnAxNktZdUo5d0xfc0dnRld3Y3EzQnROQTA?oc=5,Duplicate — H&M restructuring already covered by H&M entry (2026-05-13),rumored
"Singapore Among First Hit As Meta Launches Major Ai-driven Layoffs Affecting 8,000 Workers - The Independent Singapore News",2026-05-21,,,Other,https://news.google.com/rss/articles/CBMiuAFBVV95cUxQcDQyTzNlNGkwa2Z5WWxLWk1XZVZLUW5uSlE1NEhLY0NfWFpZYVVJVUNPMGlZSEFHNDNDd0pjb01WbVVveDlZUFFJUlM3UVVuWnJWNy1yMVZwQ2liYy05QlV3d0p0dzlPY0d2cXlKTEFMTXpXelRFSXRGVm14anVwUzB6WGZQUUlJeXVaUC1oSDVoMjNIZi02Y3VLXzdWX2x2UExmSGRSbFNlZHptM2daeFZYNVU5N0Vp?oc=5,Duplicate of existing Meta entry (2026-05-20),rumored
Zuckerberg Says He Feels 'weight' Of Meta Layoffs - Yahoo News,2026-05-20,,,Other,https://news.google.com/rss/articles/CBMif0FVX3lxTE1fcl90SmNhUFUwNnBJcUx5YVMwZk9SMjBabVFDMjZUUlgyTmFTVHRVVm00MVRrZE5qUC1zUTVkZUFoWjFBc0RpY0c3RE9uYnVJSzZYc3Q2LUdjalRhcTZpZnlPbXV2NmRBY2dMeVE4WHZNS0NQWnl4VjNVYWh6OG8?oc=5,Commentary on Zuckerberg remarks — Meta event already in layoffs.csv,rumored
Meta Begins Global Layoffs As Ai Spending Surges - Nation Thailand,2026-05-21,,,Other,https://news.google.com/rss/articles/CBMiX0FVX3lxTE41VGIwYWY1ZUMzbms2anlXMXJuN0xxdVNMS29tdEVmcFhTaFQ4ZDVCTlRMWVdpMXNONFBaUTlyY2NGNENIdTM5UGluX3VMbWRZUEVJV3VQalZOYUhaMzhV?oc=5,Duplicate of existing Meta entry (2026-05-20),rumored
"Meta Kickstarts Global Layoff Of 8,000 Employees: The Dawn Of Ai Transformation Begins With 4 Am Emails In Singapore - Retail News Asia",2026-05-21,,,Other,https://news.google.com/rss/articles/CBMi2wFBVV95cUxQN2ZxTjVySFZkb1BGY0gxUlZNTDQzdEhQVjd3STJkTzdKYTgxTWhYYUhNZS00VGxFUVlxeWt3RXdFZGhJNWhHdDAyV1RfSS1zQjVURl96c3F5cmlKNnFrWDFpWkRpQjVSTVRyb3RpWHg2UVFWeUdIaGh2eVFOOFh3c3hjX0J4VFhzajhveEthUVhXb1NvM0RQODV0SUotVkl1c1RJVXpYMnFEY3JzTmVIaDFsb1hJeXdLN0E4akJNRTFERERoSjI1d0ZSRXRrNktTd2xUZ29RQ29KRzQ?oc=5,Duplicate of existing Meta entry (2026-05-20),rumored
'disturbing': Halimah Yacob Says Stanchart Ceo Calling,2026-05-20,,,Other,https://news.google.com/rss/articles/CBMixwFBVV95cUxNclV5ZzVWWWQ0dFl0WTI5NENLY2lYMnQ2V0lxbUp0dWZsLWtfbmYwcV91OE9fY1ZpcnBsQ1dmdEZVTEJvYjJSWlEwQVpSOExpZU9mR1VoMW1QREhhQlJtNWpVc3VUMmdKcjJpZHZtQURNUU9qWEhBOHMwdXdPVkV3ZnhTZEctWUp4Mi03akZzWWpLN19sMjJSOGpSSmR1NGpPWXJmUlplOXJqMkd3NVo1R0pULWFOa2lkNGRKWjhiZnJUazN4U1lN?oc=5,Commentary on StanChart CEO remarks — Standard Chartered event already in layoffs.csv (2026-05-19),rumored
"‘ai Is Here To Stay, Human Isn’t’: Meta Employee Laid Off After Nearly 10 Years At Company - The Indian Express",2026-05-21,,,Other,https://news.google.com/rss/articles/CBMi2AFBVV95cUxOc3JFTG9TTEw1VHVlemY1VUJTaXVUSGlNaWxpZUU3WnZVR3dzMUw2b1pvQkhSSXQ3LUZZWDNSNjVPN0UzLU1hbTJrQWpjUlJqRlN5YjJhS25IS28tOWlzbmZEbmpWTmtVcWdRVlRwSjBLOTdxejJoVUJHcXIwSkc5b1ZoWXM4RzZPTWg2Um9PUmZuaDloMWVCVmk4eFZoX1RZMjFDRmhfUkV4Qk1RR05aTE16cjQya3JRWFBuTUdpWUdjc1dQWjA1QUZ4TGw4dHBHX0F5aWZHSE7SAd8BQVVfeXFMTzlIRTYzT1hVbjdtUXVydDBCVDVFek01M1RZMTNTdGRqSHNPbzFVRjYySjFPUXFWYXVER0xlbmlzMlZtZW0ycVhJN3VvamZfRXMtLTI4dGd3bC1oS0t6MC0yWXZISVV0Q2twcUI5WmRfaWxFcmYxRFlWMElXY2IwR3JSSDg3US1MZ0o5V1ppMDAxTDh6eWFtbWoxMWliLXBwMkpaN3FSakxqUUNPbWNLYUZ1VHQ4V0JfMVFGTTVOdFo0LUl2SnpObko3SXBhb0ZVSFlnYU1OUFNnWGdOdmw3MA?oc=5,Personal anecdote about Meta layoff — not a new event,rumored
Meta Begins 8000 Global Layoffs As Ai Restructuring Hits Singapore First - Financefeeds,2026-05-20,,,Other,https://news.google.com/rss/articles/CBMigAFBVV95cUxOSXl1VjVkRWFKOGE1aXZwZ2YxLVFUNVEtc0lBUFNSVGhQSE51QnZnYVRZREdMMnhOcjlVdnF0MjRTU1I4SnotUWpDdm1NRzV6QUZwWFczX3BRWk96eDZ6ZlZ1bDBydGJmUHQ3NEdrck5EUFlZZ05WQnZPd1hZZFIxag?oc=5,Duplicate of existing Meta entry (2026-05-20),rumored
Meta Begins Global Layoffs With 4am Termination Emails Sent To Singapore Staff - The Business Standard,2026-05-20,,,Other,https://news.google.com/rss/articles/CBMiuAFBVV95cUxNd3lrb1ByMGlneGNWNlVCbDF2Z0lPckxzS3Ntczd2dHFCcHFpWmJ4MmtrVjh3OVpOamFaQlQ4eVFEeGpRZE4xQ19oaHZRSnBXWUhia2R4bVBCWFhuejRiUzBveERIQ1BUbDZtSzFMbkhnZzVFX2huYUh2bEwyVndhVDNVZHNjZmx4LVN0MnFkaHpHdUxDcWtYNzBHSmhYWUl5YlN1S29STUhuSElvNnN3MzZrSkxqeXAt0gG4AUFVX3lxTE13eWtvUHIwaWd4Y1Y2VUJsMXZnSU9yTHNLc21zN3Z0cUJwcWlaYngya2tWOHc5Wk5qYVpCVDh5UUR4alFkTjFDX2hodlFKcFdZSGJrZHhtUEJYWG56NGJTMG94REhDUFRsNm1LMUxuSGdnNUVfaG5hSHZsTDJWd2FUM1Vkc2NmbHgtU3QycWRoekd1TENxa1g3MEdKaFhZSXliU3VLb1JNSG5ISW82c3czNmtKTGp5cC0?oc=5,Duplicate of existing Meta entry (2026-05-20),rumored
"Meta Announces 8,000 Global Job",2026-05-20,,,Other,https://news.google.com/rss/articles/CBMihAFBVV95cUxObkJpYUpwYjlvdHhVRmtwaUNnZl85SmdsMnJRbGdsdVpmbkVGYWJrWjJkaGxmcEVBRDFXSU5XRXNfMXV3YjlhX0k5eGhkUl8wOGVuZkNiZXktZmxLdXJabFVDeHVkMzJpTjhXMmR1ZVJqMTkwQ0hRSXpxclJMLTFXNlJYUnU?oc=5,Duplicate of existing Meta entry (2026-05-20),rumored
"Meta Layoffs: 8,000 To Be Sacked, Singapore Staff Among First Hit Amid Aggressive Ai Restructuring Push - Mint",2026-05-20,,,Other,https://news.google.com/rss/articles/CBMi8wFBVV95cUxObmtFN01yMUk4T2dsQV8wWmFReXJ1UTJRVFMtb3Jpd0g5MWlnUk5JVElWYjlEa3d6b0lGaVVLUlI0OVFKbENSbGpYeU9JZFNueEM1YjhJbC1kbDVDY243TXU3RFczZFNKS3RzcU5hVU9lM0ZSZWRnNzF6dld0bzhuX2hEallOa0VQMk1HbGJuSnBRN292LVhDS0hXRE8wYmx3VzFfUW5CN0w5WGl0SnNHdDMzdmc1czZlUndVa3JhRXhUNFl1R2Z1UkdPamplWFVEc0xZU1UtVGZQaThVbnVrbXY4M0RzUjF0MzRBRWhqb19kdU3SAfMBQVVfeXFMTm5rRTdNcjFJOE9nbEFfMFphUXlydVEyUVRTLW9yaXdIOTFpZ1JOSVRJVmI5RGt3em9JRmlVS1JSNDlRSmxDUmxqWHlPSWRTbnhDNWI4SWwtZGw1Q2NuN011N0RXM2RTSkt0c3FOYVVPZTNGUmVkZzcxenZXdG84bl9oRGpZTmtFUDJNR2xibkpwUTdvdi1YQ0tIV0RPMGJsd1cxX1FuQjdMOVhpdEpzR3QzM3ZnNXM2ZVJ3VWtyYUV4VDRZdUdmdVJHT2pqZVhVRHNMWVNVLVRmUGk4VW51a212ODNEc1IxdDM0QUVoam9fZHVN?oc=5,Duplicate of existing Meta entry (2026-05-20),rumored
Cloudflare,2026-05-08,,,Other,https://news.google.com/rss/articles/CBMixAFBVV95cUxQQVRjTnViUHptcDI0aGhmcUZQRi1BYnhZdlc3VE1QWk9lTWNDSlBvTGVkQTNuUjU1WnhHWEFYTkgydmFyNzlqendWeHlGYUFoQ2dYTGJtRVlOc3JxQXZnV3UxUGZabU5FZkFvNlpqLVBZQlpzOFZ0NFR3ekhGQm1GREZRRmVsVmViQkZzU1RZQmxjVV9CLTU3TzhOdnhvVXpTdVNGMFpkaHdIR2R6UHZFNjNWRzFxQVluTVQwUktTZ3UtQ0pk?oc=5,Duplicate of existing Cloudflare entry (2026-05-07),rumored
"Amazon To Phase Out Local Fulfillment In Singapore, Including Grocery Delivery Via Amazon Fresh - Human Resources Online",2026-05-07,,,Other,https://news.google.com/rss/articles/CBMiywFBVV95cUxQLTNNdUVLdDZfUFBOVXQ0ZW92V1ZnbzV5dXkxNGQ0Ml9oN0VQdk1qV0RjV2lmWmhtNFVvYnNSWmprbV9udzZOS1I5Zm9aTVVSSjhxVVZsbmtQSVVCcGpRY3JtQjJPd2N4NFkyRy1mWDY4SklSeUgtbVNJQTNpbFRFaThEZUQ1QXVpT0FjcW5McEtKQkdmSWtkVFh0S1VzVlBvcUFiNGNJdlJSbHBNR2gyOWgtWGY2V0JJcXdBQlVBOTU1M3B0cllqbm91UQ?oc=5,Duplicate of existing Amazon entry (2026-05-07),rumored
"Biontech To Slash 1,860 Jobs, Exit Sites In Germany And Singapore In Major Manufacturing Pullback - Fierce Pharma",2026-05-05,,,Other,https://news.google.com/rss/articles/CBMiwgFBVV95cUxOanFQQ21wMnJKYXJFTkxEM0RGWE9QWE1YcVRudGFjZHpRenBwcU9tZnZMU1ZnVFNjMDF6dUNOUWJzWDBDS2Jqa1lBekhya0d6dGk1Y0MwbHRENzJrUVJ2ei1CVlp5VHFYU202NU9Xb01rS2FEcHU2ai1qQ19qYk1VRFE2eGFUUHpoZ25tLS1MNjI4RVlGeHI3cm9aYTNFYVlDaG9vUTFGTTZrWkM1NkFvWlBEckpsaW1NaUQ4RWtnWDZZQQ?oc=5,Duplicate of existing BioNTech Singapore entry (2026-05-05),rumored
Meta To,2026-05-20,,,Other,https://news.google.com/rss/articles/CBMixwFBVV95cUxQOGRmVl9WVXlodGk2NjdUWFFJTjF3Z1ZVRjMwVE9qWEpsSTUyanFEUnhLUW5kMHVtMDk0dHpNN19zUEFfakoxRTJDLVVvTVFhNXBJTGdDdE55eU9UZHZoLXJBbmFYaTlpVTBxMVU3eXJ4TlNSSktva3ZXWTVRYWdURlZDX0xnWVVwV01HTm0wOHI1WXJid3lFUV91SDQ1ZUNHSzZtcU9EMW5sR1cwNW84aVRTbzBtT0pUMnl1QkNockN5VmhkZGI00gHMAUFVX3lxTE1OOV9YR2dPTWNiZmR3UzQyT2UtNlJScVdLTDJxVktBVUJzQWFiWXZJeklQUy13WUpsXzhHekdncVVteVNoeGhqTDdxMFZXSmhaX2x0VmlSQUJnZFJxQUZ2Y2F2WC01NUlfOFhRNFNjaVlVbDlVQVQzLUcyTDBKUzJpbkVtb3BVRHR2Z0p0aTM3bFdNb1JVSGFvaVVaUzV2aFB3UHliNVZBdXE0Tmdxd1dkdmkzeWR5ZmU5WXBpRDFrWGN4Q050RVBDc3VZQw?oc=5,Duplicate of existing Meta entry (2026-05-20),rumored
"4 Am Layoff Email: Meta Starts Alerting 8,000 Employees About Job",2026-05-20,,,Other,https://news.google.com/rss/articles/CBMi_gFBVV95cUxOQ05DSUx3M29LU2E0azh0SGI1bmp5SnN1dDlBNzFwWENUS1AwdDJ2Mml5cW1ZR1RYYkpfRTVFUFlUOVNkRnduMFg4dEZEVWltSHFQRzliSV9DUS1GMXphU3FrX3Bpbm9qUVVPdlpoc1FPUTdZaGloajhtaU9Wb29CdjBzRnplYXBtY28zaXMwVV9NcGpaSWkzY0duVmJqTzliVkVwa1hVRmw3VUhvX0pkdHp6a0VkajMyZktOR3Q0MW4xQ1g1UE96dVBQOVZOVHViajFpaHc1Mksxb3RuQjMySlZxNWVmZHRfV3RGQ2FXNHp5c0VCM2xjWmJkOEtpUdIBgwJBVV95cUxQdlo3b2FtQW9QUWRvcDFoNjFNT2RLYXVtUGlUMjVPakh1WFJMQXhvdGRZeDZWazJWRi00NmdBQ21GVW9ocXl3RjNMSVZXeWk0UGMxNkZ4U0R0M2ZnQ3UzUGV1bHdIYjgzUVRoVEZEQlBIRjcxYWNIMW42d0hIQ1JpRVNqWWRIR2JnQWRsV2sxdmFBQW42bnVJSG9NcHZDRHM5RmwweWdGMVZOVVk0WDFuUzlPeVhNT2FMNTBPVzVfUjg0ZHRoRVJsRHYwNkJpQVA2MW9vTzktUXVjd2syUmREU2lLVGFPZzI2RXJfWGdDMVhJeXVFNGFpYlk3U2VRYXJGT240?oc=5,Duplicate of existing Meta entry (2026-05-20),rumored
Meta Begins,2026-05-20,,,Other,https://news.google.com/rss/articles/CBMimgFBVV95cUxPdUprMFl2VkU2RzlYejVUcGIzRlcxYUd6a0JsMm1hNTZJSXBnWVhTM2hGQTgwLVdOS1pjOGhRdVFMMG1MQXU4WjBBd05DMkx2SW1GQXlyR0FOT2VMR2xvTFFyZnFITXdxX0wwR3RlTnBmNnR2S21TazA1aGNhLUZIZWR2X0Z0dWJhRFZqeVVuYTc0emdEVU0ybTBn?oc=5,Duplicate of existing Meta entry (2026-05-20),rumored
"Meta's 8,000-staff Layoff Begins In Singapore With 4 Am Emails - Vnexpress",2026-05-21,,,Other,https://news.google.com/rss/articles/CBMiwAFBVV95cUxPR2JzU0Z2Mm9MMHkxSXZmMm1jb0tTNUx1YmhVMXAycnJRTnFnckNROUk2SUJlX2JrdHk2MV9FNlhGYVdRNWZCa3hKMG1WZWtSV0xzMENXRnNGcnlBcVJQTmtXYTRDVWdOVEhoZ1pvN3o1VG9ZbWNzckt0VkNqRzVQdFpKQ0NEYUpPNTdyX0h1NEFfRERKNkdna2xpSDBCdjNqN2VUUFpNdnF3U1lUQ2VBenlTc0RXclhUN2NkUEFTem4?oc=5,Duplicate of existing Meta entry (2026-05-20),rumored
'demeaning': Halimah Yacob Calls Out Stanchart Ceo For Describing Workers As 'lower-value Human Capital' In Redundancy Plan - Mothership,2026-05-20,,,Other,https://news.google.com/rss/articles/CBMifkFVX3lxTE9paDhrRnVVLVFYdS15eVJoZVBadGozdDlnYnl1NDJ5MGhXTWV6aUgxb2VKZnhja1hiYldCbE5rR2dLNVRZMEwwa2c1SVVVelU4dEd4QVc2Y0J6T1Boamp6U3RkZDgxQ1RkaTJVWkw5ajRlZG9nUXdoLUFIX04yZw?oc=5,Commentary on StanChart CEO remarks — Standard Chartered event already in layoffs.csv (2026-05-19),rumored
Are You Going To Get,2026-05-15,,,Other,https://news.google.com/rss/articles/CBMigAFBVV95cUxPNkVHZVN4dzh5OWtydUVZaTA2cUNkQ3lGQUZWUFJWdEV1NnF2ZTlMQTk5eDNPbUV6bHhKVEluTlBZUnY0aU1MR0NBS2VGTmRqd3ExOWxSckc4N0pMZVhsY1gtemRGQlYtV1VGUkhlVkxoYTB6MklLd0dhbC1UWmtiVg?oc=5,"Commentary / anxiety piece — not a specific layoff event (matches ""are you going to get retrenched"")",rumored
Retrenchment Latest News & Coverage - 8days,2026-05-20,,,Other,https://news.google.com/rss/articles/CBMiUEFVX3lxTE54ZTRUaU9ld0lMcW9Nd0ZkLW83RktfeXBqM1VEVDlGek9HYklaaDRRYjVUemtreW9VSEpFNkdnTFVmZ3JpRVkzSzBQaXM3YWlS?oc=5,Generic news aggregator listing — not a specific layoff event,rumored
Stanchart Job,2026-05-21,,,Other,https://news.google.com/rss/articles/CBMibkFVX3lxTE56SF82anFVandkbmIwWUJNQXMzM3ZNaWxwYmhQYXo5ZnMwN1hXUEdLdzcwWkxDWmRLNjRvLTBIZVdOOU1HUFkxLThKbGZRLTdDMkRTa2lXdjh2bUxaZVB3OHhxM0F6VEhpZ2tCay13?oc=5,Duplicate of existing Standard Chartered entry (2026-05-19),rumored
Report: S’pore Workers Among World’s Least Confident About Job Security - Vulcan Post,2026-05-21,,,Other,https://news.google.com/rss/articles/CBMiakFVX3lxTE9IU29DYkhmV2tNMXlNT3g5VXpORDFNaHZWX2YxbTFEbzVVNjlWUFhaTWJlRmlDd1Q2Y1RCS3prLW1KQzN3RWZHUHRVQ2t2Si1UUklaa3ZwODIyWHB2OE9neE5CVUF3TXZZX1E?oc=5,Survey/commentary on worker confidence — not a specific layoff event,rumored
"Meta Begins 8,000 Global Staff",2026-05-20,,,Other,https://news.google.com/rss/articles/CBMiqgFBVV95cUxQdC1LUlJNcjlGbm5XWmVJZHQ2ODRnSXNqdV9xMUhKSm1ZSy1NZGx5UmJKTFdKR0o4SHI2bWJ3eVRhcmRFal9XZm9uY0gyR2xnTTdVUkRrNFhOdFpfMXdueUJwZ2N0aVZLMDVfRE41bFVCdFk5X1BJeEhHWWswMElPbmcyWHpOQVhPS2NUYVlrc0RmUjd5RlM4SWpHeVRIUVlIQjdVUnBVUjFKZw?oc=5,Duplicate of existing Meta entry (2026-05-20),rumored
Gardenia Singapore To,2026-05-20,141,,Other,https://news.google.com/rss/articles/CBMimwFBVV95cUxQT1pleXI1cGlXRGV2STFoa2VmSXlGTUpuU0ZyVHFJZnFoODB6RWFDTXhKZkMyUDE3QTJBVW1qVjRkLUFzT0doU0ZYNjJRbWtwLXRPcjU3T2QycUc4aWNtY21tdlJWRlI0cnRSZXV1UVBJNUJSaW01VHRQUzFuZmloTEc2WTIyX1JNTHFuWHItcl96TVZiWFNMc2szaw?oc=5,Duplicate of existing Gardenia entry (2026-05-20),rumored
"Gardenia Shifts Production To Malaysia, 141 Jobs Affected At Singapore Facility - Marketing-interactive",2026-05-21,141,,Other,https://news.google.com/rss/articles/CBMitwFBVV95cUxQSEx3c1BkSXFwOGNsRThWeTFmd3JjbF9mdkwzYkd0aXlZOTJCeWw1bm9EMGhlSVVSbVNFanlVY21JYlpiR3JQU0ZtYmtiSDZibk02alJZdjlPa19nTVcwNmFXS0VoWE93TmtqZXNtSkFjRzNET2x5RDlvd2k3SUpha3YzMUlaeXJqekZBaXlEb252Qi1rRjJEQkxrcEJpTEtRRU1uMlVudnNRX3p3cDhWcmNVdEVHX1E?oc=5,Duplicate of existing Gardenia entry (2026-05-20),rumored
Singapore Pushes Ai Job Growth - Indiplomacy,2026-05-21,,,Other,https://news.google.com/rss/articles/CBMidEFVX3lxTE9EZENtbW1hcWktTUNJQzlzcmZBSTBBVkJSSjhDazZtV1c1Vks0UjBhYXB0WlB2eS10anVQNEQwZmY3OEE5RTVoZ2tPNWVGTjhYcUFNcFpZbFgzUVdQbXpCQWdMQTUzaDVOTWR1cGpEbjM2WERR?oc=5,Singapore AI job-growth policy commentary — not a layoff event,rumored
"Singapore Urges Ai Job Creation, Not Just",2026-05-20,,,Other,https://news.google.com/rss/articles/CBMijwFBVV95cUxNeFpKUkNBTmpNUmpkc3JmSUQybk9iTnlOUGNQd0FLU2l1ZVlOb3NmWmxZd0VwN01Rdk9TM19UUG82bW4yc3c2RnhiMHEwUkN1U0JuMlFuV0FCdmpvVlBYUkdfLVUtWWt0U1BWT0RfSW92WW10OVNtd0d2Z0lmU3lPRGxJemJKUUJPbVpKeTZxRQ?oc=5,"Singapore AI policy commentary — not a layoff event (matches ""singapore urges"")",rumored
Stanchart Ceo Reassures Staff After ‘lower-value Human’ Backlash - The Business Times,2026-05-20,,,Other,https://news.google.com/rss/articles/CBMiyAFBVV95cUxNOGpPY01FMm9UTHFlT0hLa0huanFsUHRuczN4SVVNUFJlNkZFWXJya1BKRDVsUGR6YXZwVG1FNmpnMG1ZZ2QtTnpOQW5ZWjltVVRKNXQtMnZ4aVctR0JhbWJQU2Jrd0VJUWE3d25YTnZBTkl4bWZ5aEpCb2dIT1Z6NjRPNnJSQjRTeWhHZ1FJbHYzMXlCaWk3V3RwYmJrZlFaOWptVm5xNkhuME0zSlM4alJpanpHSzRXUFRTQ2FEQlJpNlItT00waA?oc=5,Commentary on StanChart CEO remarks — Standard Chartered event already in layoffs.csv,rumored
"Ai Replaces ‘lower-value Human Capital’, Stanchart Ceo Says - The Business Times",2026-05-19,,,Other,https://news.google.com/rss/articles/CBMiwAFBVV95cUxOWG5MeUFTXzg5cnJpcFJ5RG9lR05lSnZaM3dZVjE2VE1EWmtkQ0JhMno4UHZsa3MyNHBxemxrT2NucHRneXo4RHFlbUtPMURpcHFXemozTWMyUi1DUGlxOUN0Zjl6bFdSOUcwWTJuY3pFcVV2bWU2dElxVENjeXlqQmxlbzV6akU5aEtjZmJzbzFuTmV5djhjMU8zMG5FM2VzZmg2RUdsekdWYnpHVE5jZGxiQndiLWdtS3ZpeF9TZ1o?oc=5,Commentary on StanChart CEO remarks — Standard Chartered event already in layoffs.csv (2026-05-19),rumored
Halimah Yacob Slams Standard Chartered Exe,2026-05-20,,,Other,https://news.google.com/rss/articles/CBMizAFBVV95cUxOa3U3Y1F0TjBtNUU2d3Z0ckJUVUpkY202alMzenl5dUl1dnBhUUhVVkRRRUNkOVJxTlBOc1RvLXhRamxyOU96cnYwd3dNVUdkd2dhV0FnTEtzNnQ3VkhhRF9HemVRVDVtZFBhTTNLY0gxUHdybnZQQ2NMRlQxTjZwVVJZQnczcGhCZThyNUdmWlR2Umg2OFZrV1p1MjJHMUxOMVRMekw3cUJ5NTY2VzZRRnJZNy1ZM3hHeG02OW05aVB1VkNyeW1CbGJ0WTE?oc=5,Commentary on StanChart CEO remarks — Standard Chartered event already in layoffs.csv,rumored
"Citi Moves Ahead With 1,000 Job",2026-01-13,1000,,Other,https://news.google.com/rss/articles/CBMiYkFVX3lxTFBxWGRyX0k1UEN1aWI5VldFMlNOaWV6OFhOcVB5cE5CZ3hTS1c5SjMzVDFNNk9Sa3p5TVZlb0c2a0RtX1FvZ2N2eXhpZVRNczd5ZkFFd0Q3Ulh5VVNhN0VyZzdB?oc=5,Duplicate of existing Citi entry (2026-01-13),rumored
Meta To Begin First Wave Of Layoffs On May 20,2026-04-22,,,Other,https://news.google.com/rss/articles/CBMi1AFBVV95cUxObW5ka3dudjVpcEZiaVItdk45eVRRUVNRdWk1clNzamE0MkJxd1pDV2VkbEJ6YUpZZ29ubG8tWjZxUjVlanBlTGp1TWZwR00wd01sN3o0aW54ZW5XS1JKdjcyOGJkSnNjWVlRcFNJREVBSXBkUV9lSjhVSGI1bml1Q29nRXU4WUl0UElnbVBqZEpRN2NidndsVFdaT2VBSFlGTmJuWTNveFMzcTRiY0VLQWVZOS1GOWc5bDh5ejlkVy0yOWkzaXh6cS05bUtfdW9wV0FPcw?oc=5,Pre-announcement of Meta 2026-05-20 event already in layoffs.csv,rumored
Snapchat Parent,2026-04-15,,,Other,https://news.google.com/rss/articles/CBMiqwFBVV95cUxNY0FWd3VBZjg3QzJOaHFOZHpza2JOVnRpY0p6SnM5UVdDeVRuUnAyd3FjaGhZM2JxUXRra2VSa2Z4RVJsWGZYR1R1b2VUTW1nTF9FemRMdmlhMnhHand3N1dJbDg4VE1lMk9nc0tFUTJFc1B6TTdtY3p3Q3J6RVM0YmNNUGlrdmJ0VlR4WElxckt0bm5YUWVnQjc0VUx2Z0FsT25JOEllSGRGOW8?oc=5,Duplicate of existing Snap (Snapchat) entry (2026-04-15),rumored
"""not A Level That We Can Afford To Sustain"": Singapore’s Sph Media",2024-11-04,,,Other,https://news.google.com/rss/articles/CBMigAFBVV95cUxQMUstbGgyejI1MlFhcGZwNnA1XzZMTTdkMXVtbmVXUFU0TVNzMnI0SHlvdW5JMTJQNm90X3RRaFhxLWVLREJudTFVcjk0aWxfanZwWVE3VlNLNVhFMU9zSWFZVzNUczVONzdmZ0ZRV2xpakxOYUFyQktCMlNpVXprbg?oc=5,Duplicate of existing SPH Media 2024-11-04 entry,rumored
Sph Media To Acquire Tech In Asia; No Layoffs Expected - Cna,2023-11-01,,,Other,https://news.google.com/rss/articles/CBMilwFBVV95cUxOSHBJbWF4MjRtX3BPZEowdmdtZ2Y3RHVYbkZfbWhGNUZKNW5MMmdveU9nX0pIM21XQ0ZhN290WTB6Q29abmhBWUlZZEVaUDFaUDd0NmR2V0h1Ym9iR3JQMS1xVDMycDBfTEtRcldwVzU3MmZHU1BZSDBtYkpvbFYxR1RkOUxjNzZhRW9CQ0d4dVFXcy1rQnpJ?oc=5,Duplicate of existing SPH Media 2023-11-01 entry; article explicitly states no layoffs,rumored
"Singtel To Sell Minority Stake In Australian Unit, Shares $4.2b Spending Plan",2026-05-21,,,Other,https://www.asiaone.com/singapore/singtel-sell-minority-stake-australian-unit-shares-42b-spending-plan,Not a layoff event — about Singtel share sale and capex plan,rumored
